timestep,time,golf_0,golf_1,golf_2,sprinter_0,sprinter_1,sprinter_2
0,2024-05-13 00:00:00,0.8,0.8,0.8,0.8,0.8,0.8
1,2024-05-13 00:15:00,0.8,0.8,0.8,0.8,0.8,0.8
2,2024-05-13 00:30:00,0.8,0.8,0.8,0.8,0.8,0.8
3,2024-05-13 00:45:00,0.8,0.8,0.8,0.8,0.8,0.8
4,2024-05-13 01:00:00,0.8,0.8,0.8,0.8,0.8,0.8
5,2024-05-13 01:15:00,0.8,0.8,0.8,0.8,0.8,0.8
6,2024-05-13 01:30:00,0.8,0.8,0.8,0.8,0.8,0.8
7,2024-05-13 01:45:00,0.8,0.8,0.8,0.8,0.8,0.8
8,2024-05-13 02:00:00,0.8,0.8,0.8,0.8,0.8,0.8
9,2024-05-13 02:15:00,0.8,0.8,0.8,0.8,0.8,0.8
10,2024-05-13 02:30:00,0.8,0.8,0.8,0.8,0.8,0.8
11,2024-05-13 02:45:00,0.8,0.8,0.8,0.8,0.8,0.8
12,2024-05-13 03:00:00,0.8,0.8,0.8,0.8,0.8,0.8
13,2024-05-13 03:15:00,0.8,0.8,0.8,0.8,0.8,0.8
14,2024-05-13 03:30:00,0.8,0.8,0.8,0.8,0.8,0.8
15,2024-05-13 03:45:00,0.8,0.8,0.8,0.8,0.8,0.8
16,2024-05-13 04:00:00,0.8,0.8,0.8,0.8,0.8,0.8
17,2024-05-13 04:15:00,0.8,0.8,0.8,0.8,0.8,0.8
18,2024-05-13 04:30:00,0.8,0.8,0.8,0.8,0.8,0.8
19,2024-05-13 04:45:00,0.8,0.8,0.8,0.8,0.8,0.8
20,2024-05-13 05:00:00,0.8,0.8,0.8,0.8,0.8,0.8
21,2024-05-13 05:15:00,0.8,0.8,0.8,0.8,0.8,0.8
22,2024-05-13 05:30:00,0.8,0.8,0.8,0.8,0.8,0.8
23,2024-05-13 05:45:00,0.8,0.8,0.8,0.8,0.8,0.8
24,2024-05-13 06:00:00,0.8,0.8,0.8,0.8,0.8,0.8
25,2024-05-13 06:15:00,0.8,0.8,0.8,0.8,0.8,0.8
26,2024-05-13 06:30:00,0.8,0.8,0.8,0.8,0.8,0.8
27,2024-05-13 06:45:00,0.8,0.8,0.8,0.8,0.8,0.8
28,2024-05-13 07:00:00,0.8,0.8,0.8,0.8,0.8,0.8
29,2024-05-13 07:15:00,0.8,0.8,0.8,0.8,0.8,0.8
30,2024-05-13 07:30:00,0.8,0.8,0.8,0.8,0.8,0.8
31,2024-05-13 07:45:00,0.8,0.8,0.8,0.8,0.8,0.8
32,2024-05-13 08:00:00,0.8,0.8,0.8,0.8,0.8,0.8
33,2024-05-13 08:15:00,0.8,0.7945424864525963,0.7934599276528306,0.8,0.8,0.8
34,2024-05-13 08:30:00,0.8,0.7890849729051925,0.786919855305661,0.8,0.7956570972886763,0.8
35,2024-05-13 08:45:00,0.8,0.7836274593577888,0.7803797829584915,0.7957673804197216,0.7913141945773525,0.7899218045112782
36,2024-05-13 09:00:00,0.8,0.778169945810385,0.773839710611322,0.7915347608394432,0.7869712918660288,0.7798436090225564
37,2024-05-13 09:15:00,0.7962185819129927,0.7727124322629813,0.7672996382641525,0.7873021412591646,0.782628389154705,0.7697654135338347
38,2024-05-13 09:30:00,0.7924371638259853,0.7672549187155775,0.7607595659169829,0.7830695216788862,0.7782854864433812,0.7596872180451129
39,2024-05-13 09:45:00,0.7886557457389779,0.7617974051681737,0.7542194935698134,0.7788369020986078,0.7739425837320575,0.7496090225563911
40,2024-05-13 10:00:00,0.7848743276519705,0.75633989162077,0.7476794212226439,0.7746042825183294,0.7695996810207337,0.7395308270676693
41,2024-05-13 10:15:00,0.7810929095649631,0.7508823780733662,0.7411393488754744,0.7703716629380508,0.76525677830941,0.7294526315789474
42,2024-05-13 10:30:00,0.7773114914779558,0.7454248645259625,0.7345992765283049,0.7661390433577724,0.7609138755980861,0.7193744360902256
43,2024-05-13 10:45:00,0.7735300733909484,0.7399673509785587,0.7280592041811353,0.761906423777494,0.7565709728867623,0.7092962406015038
44,2024-05-13 11:00:00,0.769748655303941,0.7345098374311549,0.7215191318339659,0.7576738041972155,0.7522280701754386,0.699218045112782
45,2024-05-13 11:15:00,0.7659672372169336,0.7290523238837512,0.7149790594867963,0.7534411846169371,0.7478851674641148,0.6891398496240602
46,2024-05-13 11:30:00,0.7621858191299262,0.7235948103363474,0.7084389871396268,0.7492085650366586,0.7435422647527911,0.6790616541353384
47,2024-05-13 11:45:00,0.7584044010429188,0.7181372967889438,0.7018989147924573,0.7449759454563801,0.7391993620414673,0.6689834586466166
48,2024-05-13 12:00:00,0.7546229829559115,0.71267978324154,0.6953588424452878,0.7407433258761017,0.7348564593301435,0.6589052631578948
49,2024-05-13 12:15:00,0.7508415648689041,0.7072222696941363,0.6888187700981183,0.7365107062958233,0.7305135566188198,0.648827067669173
50,2024-05-13 12:30:00,0.7470601467818967,0.7017647561467325,0.6822786977509487,0.7322780867155447,0.726170653907496,0.6387488721804512
51,2024-05-13 12:45:00,0.7432787286948893,0.6963072425993287,0.6757386254037793,0.7280454671352663,0.7218277511961723,0.6286706766917294
52,2024-05-13 13:00:00,0.7394973106078819,0.690849729051925,0.6691985530566097,0.7238128475549879,0.7174848484848485,0.6185924812030075
53,2024-05-13 13:15:00,0.7357158925208745,0.6853922155045212,0.6626584807094402,0.7195802279747094,0.7131419457735247,0.6085142857142858
54,2024-05-13 13:30:00,0.7319344744338672,0.6799347019571175,0.6561184083622706,0.715347608394431,0.708799043062201,0.5984360902255639
55,2024-05-13 13:45:00,0.7281530563468599,0.6744771884097137,0.6495783360151012,0.7111149888141525,0.7044561403508772,0.5883578947368421
56,2024-05-13 14:00:00,0.7243716382598524,0.66901967486231,0.6430382636679317,0.706882369233874,0.7001132376395534,0.5782796992481203
57,2024-05-13 14:15:00,0.7205902201728451,0.6635621613149062,0.6364981913207621,0.7026497496535956,0.6957703349282296,0.5682015037593985
58,2024-05-13 14:30:00,0.7168088020858376,0.6581046477675024,0.7409981664060206,0.6984171300733172,0.6914274322169058,0.5581233082706767
59,2024-05-13 14:45:00,0.7130273839988304,0.6526471342200987,0.845498141491279,0.6941845104930386,0.6870845295055821,0.5480451127819549
60,2024-05-13 15:00:00,0.7092459659118229,0.6471896206726949,0.845498141491279,0.6899518909127602,0.6827416267942583,0.5379669172932331
61,2024-05-13 15:15:00,0.7054645478248156,0.7516895957579535,0.845498141491279,0.6857192713324818,0.6783987240829346,0.5278887218045113
62,2024-05-13 15:30:00,0.7016831297378082,0.856189570843212,0.845498141491279,0.6814866517522034,0.6740558213716108,0.5178105263157895
63,2024-05-13 15:45:00,0.6979017116508008,0.856189570843212,0.845498141491279,0.6772540321719249,0.669712918660287,0.5077323308270676
64,2024-05-13 16:00:00,0.6941202935637935,0.856189570843212,0.845498141491279,0.6730214125916465,0.6653700159489633,0.49765413533834585
65,2024-05-13 16:15:00,0.6903388754767861,0.856189570843212,0.845498141491279,0.668788793011368,0.6610271132376395,0.48757593984962405
66,2024-05-13 16:30:00,0.6865574573897787,0.856189570843212,0.845498141491279,0.6645561734310895,0.6566842105263158,0.47749774436090225
67,2024-05-13 16:45:00,0.6827760393027713,0.856189570843212,0.845498141491279,0.6603235538508111,0.6910591941350385,0.46741954887218046
68,2024-05-13 17:00:00,0.6789946212157639,0.856189570843212,0.845498141491279,0.6560909342705326,0.7254341777437612,0.45734135338345866
69,2024-05-13 17:15:00,0.6752132031287565,0.856189570843212,0.845498141491279,0.6518583146902541,0.7598091613524839,0.44726315789473686
70,2024-05-13 17:30:00,0.6714317850417492,0.856189570843212,0.845498141491279,0.6476256951099757,0.7941841449612066,0.48163814150345957
71,2024-05-13 17:45:00,0.6676503669547418,0.856189570843212,0.845498141491279,0.6820006787186984,0.8285591285699293,0.5160131251121822
72,2024-05-13 18:00:00,0.6638689488677344,0.856189570843212,0.845498141491279,0.7163756623274211,0.8285591285699293,0.5503881087209049
73,2024-05-13 18:15:00,0.660087530780727,0.856189570843212,0.845498141491279,0.7507506459361438,0.8285591285699293,0.5847630923296276
74,2024-05-13 18:30:00,0.6563061126937196,0.856189570843212,0.845498141491279,0.7851256295448665,0.8285591285699293,0.6191380759383504
75,2024-05-13 18:45:00,0.6525246946067123,0.856189570843212,0.845498141491279,0.8195006131535892,0.8285591285699293,0.6535130595470731
76,2024-05-13 19:00:00,0.6487432765197049,0.856189570843212,0.845498141491279,0.8195006131535892,0.8285591285699293,0.6878880431557958
77,2024-05-13 19:15:00,0.6449618584326975,0.856189570843212,0.845498141491279,0.8195006131535892,0.8285591285699293,0.7222630267645185
78,2024-05-13 19:30:00,0.7494618335179559,0.856189570843212,0.845498141491279,0.8195006131535892,0.8285591285699293,0.7566380103732412
79,2024-05-13 19:45:00,0.8539618086032144,0.856189570843212,0.845498141491279,0.8195006131535892,0.8285591285699293,0.7910129939819639
80,2024-05-13 20:00:00,0.8539618086032144,0.856189570843212,0.845498141491279,0.8195006131535892,0.8285591285699293,0.8253879775906866
81,2024-05-13 20:15:00,0.8539618086032144,0.856189570843212,0.845498141491279,0.8195006131535892,0.8285591285699293,0.8253879775906866
82,2024-05-13 20:30:00,0.8539618086032144,0.856189570843212,0.845498141491279,0.8195006131535892,0.8285591285699293,0.8253879775906866
83,2024-05-13 20:45:00,0.8539618086032144,0.856189570843212,0.845498141491279,0.8195006131535892,0.8285591285699293,0.8253879775906866
84,2024-05-13 21:00:00,0.8539618086032144,0.856189570843212,0.845498141491279,0.8195006131535892,0.8285591285699293,0.8253879775906866
85,2024-05-13 21:15:00,0.8539618086032144,0.856189570843212,0.845498141491279,0.8195006131535892,0.8285591285699293,0.8253879775906866
86,2024-05-13 21:30:00,0.8539618086032144,0.856189570843212,0.845498141491279,0.8195006131535892,0.8285591285699293,0.8253879775906866
87,2024-05-13 21:45:00,0.8539618086032144,0.856189570843212,0.845498141491279,0.8195006131535892,0.8285591285699293,0.8253879775906866
88,2024-05-13 22:00:00,0.8539618086032144,0.856189570843212,0.845498141491279,0.8195006131535892,0.8285591285699293,0.8253879775906866
89,2024-05-13 22:15:00,0.8539618086032144,0.856189570843212,0.845498141491279,0.8195006131535892,0.8285591285699293,0.8253879775906866
90,2024-05-13 22:30:00,0.8539618086032144,0.856189570843212,0.845498141491279,0.8195006131535892,0.8285591285699293,0.8253879775906866
91,2024-05-13 22:45:00,0.8539618086032144,0.856189570843212,0.845498141491279,0.8195006131535892,0.8285591285699293,0.8253879775906866
92,2024-05-13 23:00:00,0.8539618086032144,0.856189570843212,0.845498141491279,0.8195006131535892,0.8285591285699293,0.8253879775906866
93,2024-05-13 23:15:00,0.8539618086032144,0.856189570843212,0.845498141491279,0.8195006131535892,0.8285591285699293,0.8253879775906866
94,2024-05-13 23:30:00,0.8539618086032144,0.856189570843212,0.845498141491279,0.8195006131535892,0.8285591285699293,0.8253879775906866
95,2024-05-13 23:45:00,0.8539618086032144,0.856189570843212,0.845498141491279,0.8195006131535892,0.8285591285699293,0.8253879775906866
96,2024-05-14 00:00:00,0.8539618086032144,0.856189570843212,0.845498141491279,0.8195006131535892,0.8285591285699293,0.8253879775906866
97,2024-05-14 00:15:00,0.8539618086032144,0.856189570843212,0.845498141491279,0.8195006131535892,0.8285591285699293,0.8253879775906866
98,2024-05-14 00:30:00,0.8539618086032144,0.856189570843212,0.845498141491279,0.8195006131535892,0.8285591285699293,0.8253879775906866
99,2024-05-14 00:45:00,0.8539618086032144,0.856189570843212,0.845498141491279,0.8195006131535892,0.8285591285699293,0.8253879775906866
100,2024-05-14 01:00:00,0.8539618086032144,0.856189570843212,0.845498141491279,0.8195006131535892,0.8285591285699293,0.8253879775906866
101,2024-05-14 01:15:00,0.8539618086032144,0.856189570843212,0.845498141491279,0.8195006131535892,0.8285591285699293,0.8253879775906866
102,2024-05-14 01:30:00,0.8539618086032144,0.856189570843212,0.845498141491279,0.8195006131535892,0.8285591285699293,0.8253879775906866
103,2024-05-14 01:45:00,0.8539618086032144,0.856189570843212,0.845498141491279,0.8195006131535892,0.8285591285699293,0.8253879775906866
104,2024-05-14 02:00:00,0.8539618086032144,0.856189570843212,0.845498141491279,0.8195006131535892,0.8285591285699293,0.8253879775906866
105,2024-05-14 02:15:00,0.8539618086032144,0.856189570843212,0.845498141491279,0.8195006131535892,0.8285591285699293,0.8253879775906866
106,2024-05-14 02:30:00,0.8539618086032144,0.856189570843212,0.845498141491279,0.8195006131535892,0.8285591285699293,0.8253879775906866
107,2024-05-14 02:45:00,0.8539618086032144,0.856189570843212,0.845498141491279,0.8195006131535892,0.8285591285699293,0.8253879775906866
108,2024-05-14 03:00:00,0.8539618086032144,0.856189570843212,0.845498141491279,0.8195006131535892,0.8285591285699293,0.8253879775906866
109,2024-05-14 03:15:00,0.8539618086032144,0.856189570843212,0.845498141491279,0.8195006131535892,0.8285591285699293,0.8253879775906866
110,2024-05-14 03:30:00,0.8539618086032144,0.856189570843212,0.845498141491279,0.8195006131535892,0.8285591285699293,0.8253879775906866
111,2024-05-14 03:45:00,0.8539618086032144,0.856189570843212,0.845498141491279,0.8195006131535892,0.8285591285699293,0.8253879775906866
112,2024-05-14 04:00:00,0.8539618086032144,0.856189570843212,0.845498141491279,0.8195006131535892,0.8285591285699293,0.8253879775906866
113,2024-05-14 04:15:00,0.8539618086032144,0.856189570843212,0.845498141491279,0.8195006131535892,0.8285591285699293,0.8253879775906866
114,2024-05-14 04:30:00,0.8539618086032144,0.856189570843212,0.845498141491279,0.8195006131535892,0.8285591285699293,0.8253879775906866
115,2024-05-14 04:45:00,0.8539618086032144,0.856189570843212,0.845498141491279,0.8195006131535892,0.8285591285699293,0.8253879775906866
116,2024-05-14 05:00:00,0.8539618086032144,0.856189570843212,0.845498141491279,0.8195006131535892,0.8285591285699293,0.8253879775906866
117,2024-05-14 05:15:00,0.8539618086032144,0.856189570843212,0.845498141491279,0.8195006131535892,0.8285591285699293,0.8253879775906866
118,2024-05-14 05:30:00,0.8539618086032144,0.856189570843212,0.845498141491279,0.8195006131535892,0.8285591285699293,0.8253879775906866
119,2024-05-14 05:45:00,0.8539618086032144,0.856189570843212,0.845498141491279,0.8195006131535892,0.8285591285699293,0.8253879775906866
120,2024-05-14 06:00:00,0.8539618086032144,0.856189570843212,0.845498141491279,0.8195006131535892,0.8285591285699293,0.8253879775906866
121,2024-05-14 06:15:00,0.8539618086032144,0.856189570843212,0.845498141491279,0.8195006131535892,0.8285591285699293,0.8253879775906866
122,2024-05-14 06:30:00,0.8539618086032144,0.856189570843212,0.845498141491279,0.8195006131535892,0.8285591285699293,0.8253879775906866
123,2024-05-14 06:45:00,0.8539618086032144,0.856189570843212,0.845498141491279,0.8195006131535892,0.8285591285699293,0.8253879775906866
124,2024-05-14 07:00:00,0.8539618086032144,0.856189570843212,0.845498141491279,0.8195006131535892,0.8285591285699293,0.8253879775906866
125,2024-05-14 07:15:00,0.8539618086032144,0.856189570843212,0.845498141491279,0.8195006131535892,0.8285591285699293,0.8253879775906866
126,2024-05-14 07:30:00,0.8539618086032144,0.856189570843212,0.845498141491279,0.8195006131535892,0.8285591285699293,0.8253879775906866
127,2024-05-14 07:45:00,0.8539618086032144,0.856189570843212,0.845498141491279,0.8195006131535892,0.8285591285699293,0.8253879775906866
128,2024-05-14 08:00:00,0.8539618086032144,0.856189570843212,0.845498141491279,0.8195006131535892,0.8285591285699293,0.8253879775906866
129,2024-05-14 08:15:00,0.8539618086032144,0.856189570843212,0.845498141491279,0.8195006131535892,0.8285591285699293,0.8253879775906866
130,2024-05-14 08:30:00,0.8539618086032144,0.856189570843212,0.845498141491279,0.8195006131535892,0.8285591285699293,0.8253879775906866
131,2024-05-14 08:45:00,0.8472598086032144,0.8528329961447164,0.8404947894275588,0.8085872679192303,0.8212432148952716,0.8253879775906866
132,2024-05-14 09:00:00,0.8405578086032144,0.8494764214462208,0.8354914373638387,0.7976739226848714,0.813927301220614,0.8172305509312002
133,2024-05-14 09:15:00,0.8338558086032144,0.8461198467477252,0.8304880853001185,0.7867605774505124,0.8066113875459563,0.8090731242717139
134,2024-05-14 09:30:00,0.8271538086032144,0.8427632720492296,0.8254847332363984,0.7758472322161536,0.7992954738712986,0.8009156976122275
135,2024-05-14 09:45:00,0.8204518086032143,0.839406697350734,0.8204813811726782,0.7649338869817947,0.791979560196641,0.792758270952741
136,2024-05-14 10:00:00,0.8137498086032143,0.8360501226522384,0.8154780291089581,0.7540205417474357,0.7846636465219833,0.7846008442932546
137,2024-05-14 10:15:00,0.8070478086032143,0.8326935479537428,0.8104746770452379,0.7431071965130768,0.7773477328473256,0.7764434176337682
138,2024-05-14 10:30:00,0.8003458086032144,0.8293369732552472,0.8054713249815177,0.7321938512787178,0.7700318191726679,0.7682859909742819
139,2024-05-14 10:45:00,0.7936438086032144,0.8259803985567516,0.8004679729177976,0.7212805060443589,0.7627159054980102,0.7601285643147955
140,2024-05-14 11:00:00,0.7869418086032144,0.822623823858256,0.7954646208540774,0.71036716081,0.7553999918233525,0.7519711376553091
141,2024-05-14 11:15:00,0.7802398086032144,0.8192672491597605,0.7904612687903573,0.6994538155756411,0.7480840781486948,0.7438137109958227
142,2024-05-14 11:30:00,0.7735378086032143,0.8159106744612649,0.7854579167266371,0.6885404703412822,0.7407681644740371,0.7356562843363362
143,2024-05-14 11:45:00,0.7668358086032143,0.8125540997627693,0.780454564662917,0.6776271251069232,0.7334522507993795,0.7274988576768499
144,2024-05-14 12:00:00,0.7601338086032143,0.8091975250642737,0.7754512125991968,0.6667137798725643,0.7261363371247218,0.7193414310173635
145,2024-05-14 12:15:00,0.7534318086032143,0.8058409503657781,0.7704478605354766,0.6558004346382054,0.7188204234500641,0.7111840043578771
146,2024-05-14 12:30:00,0.7467298086032144,0.8024843756672825,0.7654445084717565,0.6448870894038464,0.7115045097754065,0.7030265776983907
147,2024-05-14 12:45:00,0.7400278086032144,0.7991278009687869,0.7604411564080363,0.6339737441694875,0.7041885961007488,0.6948691510389042
148,2024-05-14 13:00:00,0.7333258086032144,0.7957712262702912,0.7554378043443162,0.6230603989351287,0.6968726824260911,0.6867117243794179
149,2024-05-14 13:15:00,0.7266238086032144,0.7924146515717956,0.750434452280596,0.6121470537007697,0.6895567687514335,0.6785542977199315
150,2024-05-14 13:30:00,0.7199218086032144,0.7890580768733,0.7454311002168759,0.6012337084664108,0.6822408550767758,0.6703968710604451
151,2024-05-14 13:45:00,0.7132198086032144,0.7857015021748044,0.7404277481531557,0.5903203632320518,0.6749249414021181,0.6622394444009587
152,2024-05-14 14:00:00,0.7065178086032143,0.7823449274763088,0.7354243960894356,0.5794070179976929,0.6676090277274604,0.6540820177414723
153,2024-05-14 14:15:00,0.6998158086032144,0.7789883527778132,0.7304210440257154,0.568493672763334,0.6602931140528028,0.645924591081986
154,2024-05-14 14:30:00,0.6931138086032144,0.7756317780793176,0.7254176919619952,0.557580327528975,0.6529772003781451,0.6377671644224996
155,2024-05-14 14:45:00,0.6864118086032144,0.772275203380822,0.7204143398982751,0.5466669822946162,0.6456612867034874,0.6296097377630131
156,2024-05-14 15:00:00,0.6797098086032144,0.7689186286823264,0.7154109878345549,0.5357536370602571,0.6383453730288298,0.6214523111035267
157,2024-05-14 15:15:00,0.6730078086032143,0.7655620539838308,0.7104076357708348,0.5248402918258983,0.6310294593541721,0.6132948844440403
158,2024-05-14 15:30:00,0.6663058086032143,0.7622054792853352,0.7054042837071146,0.559215275434621,0.6237135456795144,0.605137457784554
159,2024-05-14 15:45:00,0.6596038086032143,0.7588489045868396,0.7004009316433945,0.5935902590433437,0.6163976320048568,0.5969800311250675
160,2024-05-14 16:00:00,0.6529018086032143,0.755492329888344,0.6953975795796743,0.6279652426520664,0.609081718330199,0.5888226044655811
161,2024-05-14 16:15:00,0.6461998086032144,0.7521357551898484,0.6903942275159541,0.6623402262607891,0.6017658046555413,0.5806651778060947
162,2024-05-14 16:30:00,0.6394978086032144,0.7487791804913528,0.685390875452234,0.6967152098695119,0.5944498909808836,0.5725077511466083
163,2024-05-14 16:45:00,0.7439977836884728,0.7454226057928572,0.6803875233885138,0.7310901934782346,0.587133977306226,0.564350324487122
164,2024-05-14 17:00:00,0.8484977587737312,0.7420660310943616,0.6753841713247937,0.7654651770869573,0.5798180636315683,0.5561928978276356
165,2024-05-14 17:15:00,0.8484977587737312,0.738709456395866,0.6703808192610735,0.79984016069568,0.5725021499569106,0.5905678814363583
166,2024-05-14 17:30:00,0.8484977587737312,0.7353528816973705,0.6653774671973534,0.8342151443044027,0.565186236282253,0.624942865045081
167,2024-05-14 17:45:00,0.8484977587737312,0.7319963069988749,0.6603741151336332,0.8342151443044027,0.5578703226075953,0.6593178486538037
168,2024-05-14 18:00:00,0.8484977587737312,0.7286397323003793,0.655370763069913,0.8342151443044027,0.592245306216318,0.6936928322625264
169,2024-05-14 18:15:00,0.8484977587737312,0.8331397073856377,0.6503674110061929,0.8342151443044027,0.6266202898250407,0.7280678158712491
170,2024-05-14 18:30:00,0.8484977587737312,0.8331397073856377,0.7548673860914514,0.8342151443044027,0.6609952734337634,0.7624427994799718
171,2024-05-14 18:45:00,0.8484977587737312,0.8331397073856377,0.8593673611767099,0.8342151443044027,0.6953702570424861,0.7968177830886946
172,2024-05-14 19:00:00,0.8484977587737312,0.8331397073856377,0.8593673611767099,0.8342151443044027,0.7297452406512088,0.8311927666974173
173,2024-05-14 19:15:00,0.8484977587737312,0.8331397073856377,0.8593673611767099,0.8342151443044027,0.7641202242599315,0.8311927666974173
174,2024-05-14 19:30:00,0.8484977587737312,0.8331397073856377,0.8593673611767099,0.8342151443044027,0.7984952078686542,0.8311927666974173
175,2024-05-14 19:45:00,0.8484977587737312,0.8331397073856377,0.8593673611767099,0.8342151443044027,0.832870191477377,0.8311927666974173
176,2024-05-14 20:00:00,0.8484977587737312,0.8331397073856377,0.8593673611767099,0.8342151443044027,0.832870191477377,0.8311927666974173
177,2024-05-14 20:15:00,0.8484977587737312,0.8331397073856377,0.8593673611767099,0.8342151443044027,0.832870191477377,0.8311927666974173
178,2024-05-14 20:30:00,0.8484977587737312,0.8331397073856377,0.8593673611767099,0.8342151443044027,0.832870191477377,0.8311927666974173
179,2024-05-14 20:45:00,0.8484977587737312,0.8331397073856377,0.8593673611767099,0.8342151443044027,0.832870191477377,0.8311927666974173
180,2024-05-14 21:00:00,0.8484977587737312,0.8331397073856377,0.8593673611767099,0.8342151443044027,0.832870191477377,0.8311927666974173
181,2024-05-14 21:15:00,0.8484977587737312,0.8331397073856377,0.8593673611767099,0.8342151443044027,0.832870191477377,0.8311927666974173
182,2024-05-14 21:30:00,0.8484977587737312,0.8331397073856377,0.8593673611767099,0.8342151443044027,0.832870191477377,0.8311927666974173
183,2024-05-14 21:45:00,0.8484977587737312,0.8331397073856377,0.8593673611767099,0.8342151443044027,0.832870191477377,0.8311927666974173
184,2024-05-14 22:00:00,0.8484977587737312,0.8331397073856377,0.8593673611767099,0.8342151443044027,0.832870191477377,0.8311927666974173
185,2024-05-14 22:15:00,0.8484977587737312,0.8331397073856377,0.8593673611767099,0.8342151443044027,0.832870191477377,0.8311927666974173
186,2024-05-14 22:30:00,0.8484977587737312,0.8331397073856377,0.8593673611767099,0.8342151443044027,0.832870191477377,0.8311927666974173
187,2024-05-14 22:45:00,0.8484977587737312,0.8331397073856377,0.8593673611767099,0.8342151443044027,0.832870191477377,0.8311927666974173
188,2024-05-14 23:00:00,0.8484977587737312,0.8331397073856377,0.8593673611767099,0.8342151443044027,0.832870191477377,0.8311927666974173
189,2024-05-14 23:15:00,0.8484977587737312,0.8331397073856377,0.8593673611767099,0.8342151443044027,0.832870191477377,0.8311927666974173
190,2024-05-14 23:30:00,0.8484977587737312,0.8331397073856377,0.8593673611767099,0.8342151443044027,0.832870191477377,0.8311927666974173
191,2024-05-14 23:45:00,0.8484977587737312,0.8331397073856377,0.8593673611767099,0.8342151443044027,0.832870191477377,0.8311927666974173
192,2024-05-15 00:00:00,0.8484977587737312,0.8331397073856377,0.8593673611767099,0.8342151443044027,0.832870191477377,0.8311927666974173
193,2024-05-15 00:15:00,0.8484977587737312,0.8331397073856377,0.8593673611767099,0.8342151443044027,0.832870191477377,0.8311927666974173
194,2024-05-15 00:30:00,0.8484977587737312,0.8331397073856377,0.8593673611767099,0.8342151443044027,0.832870191477377,0.8311927666974173
195,2024-05-15 00:45:00,0.8484977587737312,0.8331397073856377,0.8593673611767099,0.8342151443044027,0.832870191477377,0.8311927666974173
196,2024-05-15 01:00:00,0.8484977587737312,0.8331397073856377,0.8593673611767099,0.8342151443044027,0.832870191477377,0.8311927666974173
197,2024-05-15 01:15:00,0.8484977587737312,0.8331397073856377,0.8593673611767099,0.8342151443044027,0.832870191477377,0.8311927666974173
198,2024-05-15 01:30:00,0.8484977587737312,0.8331397073856377,0.8593673611767099,0.8342151443044027,0.832870191477377,0.8311927666974173
199,2024-05-15 01:45:00,0.8484977587737312,0.8331397073856377,0.8593673611767099,0.8342151443044027,0.832870191477377,0.8311927666974173
200,2024-05-15 02:00:00,0.8484977587737312,0.8331397073856377,0.8593673611767099,0.8342151443044027,0.832870191477377,0.8311927666974173
201,2024-05-15 02:15:00,0.8484977587737312,0.8331397073856377,0.8593673611767099,0.8342151443044027,0.832870191477377,0.8311927666974173
202,2024-05-15 02:30:00,0.8484977587737312,0.8331397073856377,0.8593673611767099,0.8342151443044027,0.832870191477377,0.8311927666974173
203,2024-05-15 02:45:00,0.8484977587737312,0.8331397073856377,0.8593673611767099,0.8342151443044027,0.832870191477377,0.8311927666974173
204,2024-05-15 03:00:00,0.8484977587737312,0.8331397073856377,0.8593673611767099,0.8342151443044027,0.832870191477377,0.8311927666974173
205,2024-05-15 03:15:00,0.8484977587737312,0.8331397073856377,0.8593673611767099,0.8342151443044027,0.832870191477377,0.8311927666974173
206,2024-05-15 03:30:00,0.8484977587737312,0.8331397073856377,0.8593673611767099,0.8342151443044027,0.832870191477377,0.8311927666974173
207,2024-05-15 03:45:00,0.8484977587737312,0.8331397073856377,0.8593673611767099,0.8342151443044027,0.832870191477377,0.8311927666974173
208,2024-05-15 04:00:00,0.8484977587737312,0.8331397073856377,0.8593673611767099,0.8342151443044027,0.832870191477377,0.8311927666974173
209,2024-05-15 04:15:00,0.8484977587737312,0.8331397073856377,0.8593673611767099,0.8342151443044027,0.832870191477377,0.8311927666974173
210,2024-05-15 04:30:00,0.8484977587737312,0.8331397073856377,0.8593673611767099,0.8342151443044027,0.832870191477377,0.8311927666974173
211,2024-05-15 04:45:00,0.8484977587737312,0.8331397073856377,0.8593673611767099,0.8342151443044027,0.832870191477377,0.8311927666974173
212,2024-05-15 05:00:00,0.8484977587737312,0.8331397073856377,0.8593673611767099,0.8342151443044027,0.832870191477377,0.8311927666974173
213,2024-05-15 05:15:00,0.8484977587737312,0.8331397073856377,0.8593673611767099,0.8342151443044027,0.832870191477377,0.8311927666974173
214,2024-05-15 05:30:00,0.8484977587737312,0.8331397073856377,0.8593673611767099,0.8342151443044027,0.832870191477377,0.8311927666974173
215,2024-05-15 05:45:00,0.8484977587737312,0.8331397073856377,0.8593673611767099,0.8342151443044027,0.832870191477377,0.8311927666974173
216,2024-05-15 06:00:00,0.8484977587737312,0.8331397073856377,0.8593673611767099,0.8342151443044027,0.832870191477377,0.8311927666974173
217,2024-05-15 06:15:00,0.8484977587737312,0.8331397073856377,0.8593673611767099,0.8342151443044027,0.832870191477377,0.8311927666974173
218,2024-05-15 06:30:00,0.8484977587737312,0.8331397073856377,0.8593673611767099,0.8342151443044027,0.832870191477377,0.8311927666974173
219,2024-05-15 06:45:00,0.8484977587737312,0.8331397073856377,0.8593673611767099,0.8342151443044027,0.832870191477377,0.8311927666974173
220,2024-05-15 07:00:00,0.8484977587737312,0.8331397073856377,0.8593673611767099,0.8342151443044027,0.832870191477377,0.8311927666974173
221,2024-05-15 07:15:00,0.8484977587737312,0.8331397073856377,0.8593673611767099,0.8342151443044027,0.832870191477377,0.8311927666974173
222,2024-05-15 07:30:00,0.8484977587737312,0.8331397073856377,0.8593673611767099,0.8342151443044027,0.832870191477377,0.8311927666974173
223,2024-05-15 07:45:00,0.8484977587737312,0.8331397073856377,0.8593673611767099,0.8342151443044027,0.832870191477377,0.8311927666974173
224,2024-05-15 08:00:00,0.8484977587737312,0.8331397073856377,0.8593673611767099,0.8342151443044027,0.832870191477377,0.8311927666974173
225,2024-05-15 08:15:00,0.8484977587737312,0.8331397073856377,0.8593673611767099,0.8342151443044027,0.832870191477377,0.8311927666974173
226,2024-05-15 08:30:00,0.8484977587737312,0.8331397073856377,0.8593673611767099,0.8342151443044027,0.8274535677561209,0.8311927666974173
227,2024-05-15 08:45:00,0.8484977587737312,0.8331397073856377,0.8593673611767099,0.8342151443044027,0.8220369440348648,0.8311927666974173
228,2024-05-15 09:00:00,0.8484977587737312,0.8331397073856377,0.8593673611767099,0.8265853241431692,0.8166203203136089,0.8251191661895836
229,2024-05-15 09:15:00,0.8484977587737312,0.8331397073856377,0.8593673611767099,0.8189555039819357,0.8112036965923528,0.8190455656817498
230,2024-05-15 09:30:00,0.8484977587737312,0.8331397073856377,0.8593673611767099,0.8113256838207022,0.8057870728710967,0.8129719651739161
231,2024-05-15 09:45:00,0.8484977587737312,0.8331397073856377,0.8593673611767099,0.8036958636594688,0.8003704491498407,0.8068983646660823
232,2024-05-15 10:00:00,0.8484977587737312,0.8331397073856377,0.8593673611767099,0.7960660434982353,0.7949538254285847,0.8008247641582487
233,2024-05-15 10:15:00,0.8484977587737312,0.8331397073856377,0.8593673611767099,0.7884362233370018,0.7895372017073287,0.7947511636504149
234,2024-05-15 10:30:00,0.8484977587737312,0.8331397073856377,0.8593673611767099,0.7808064031757683,0.7841205779860726,0.7886775631425812
235,2024-05-15 10:45:00,0.8484977587737312,0.8331397073856377,0.8593673611767099,0.7731765830145348,0.7787039542648165,0.7826039626347474
236,2024-05-15 11:00:00,0.8484977587737312,0.8331397073856377,0.8593673611767099,0.7655467628533014,0.7732873305435606,0.7765303621269137
237,2024-05-15 11:15:00,0.8484977587737312,0.8331397073856377,0.8593673611767099,0.7579169426920679,0.7678707068223045,0.7704567616190799
238,2024-05-15 11:30:00,0.8484977587737312,0.8331397073856377,0.8593673611767099,0.7502871225308344,0.7624540831010485,0.7643831611112463
239,2024-05-15 11:45:00,0.8484977587737312,0.8331397073856377,0.8593673611767099,0.7426573023696008,0.7570374593797924,0.7583095606034125
240,2024-05-15 12:00:00,0.8484977587737312,0.8331397073856377,0.8593673611767099,0.7350274822083673,0.7516208356585363,0.7522359600955788
241,2024-05-15 12:15:00,0.8484977587737312,0.8331397073856377,0.8593673611767099,0.7273976620471339,0.7462042119372804,0.7461623595877451
242,2024-05-15 12:30:00,0.8484977587737312,0.8331397073856377,0.8593673611767099,0.7197678418859004,0.7407875882160243,0.7400887590799113
243,2024-05-15 12:45:00,0.8484977587737312,0.8331397073856377,0.8593673611767099,0.7121380217246669,0.7353709644947682,0.7340151585720776
244,2024-05-15 13:00:00,0.8484977587737312,0.8331397073856377,0.8593673611767099,0.7045082015634334,0.7299543407735122,0.7279415580642439
245,2024-05-15 13:15:00,0.8484977587737312,0.8331397073856377,0.8593673611767099,0.6968783814021999,0.7245377170522562,0.7218679575564102
246,2024-05-15 13:30:00,0.8484977587737312,0.8331397073856377,0.8593673611767099,0.6892485612409665,0.7191210933310002,0.7157943570485764
247,2024-05-15 13:45:00,0.8484977587737312,0.8331397073856377,0.8593673611767099,0.681618741079733,0.7137044696097441,0.7097207565407427
248,2024-05-15 14:00:00,0.8484977587737312,0.8331397073856377,0.8593673611767099,0.6739889209184995,0.708287845888488,0.703647156032909
249,2024-05-15 14:15:00,0.8484977587737312,0.8331397073856377,0.8593673611767099,0.666359100757266,0.702871222167232,0.6975735555250753
250,2024-05-15 14:30:00,0.8484977587737312,0.8331397073856377,0.8593673611767099,0.6587292805960325,0.697454598445976,0.6914999550172415
251,2024-05-15 14:45:00,0.8484977587737312,0.8331397073856377,0.8593673611767099,0.651099460434799,0.69203797472472,0.6854263545094078
252,2024-05-15 15:00:00,0.8484977587737312,0.8331397073856377,0.8593673611767099,0.6434696402735656,0.6866213510034639,0.679352754001574
253,2024-05-15 15:15:00,0.8484977587737312,0.8331397073856377,0.8593673611767099,0.6358398201123321,0.6812047272822078,0.6732791534937403
254,2024-05-15 15:30:00,0.8484977587737312,0.8331397073856377,0.8593673611767099,0.6282099999510986,0.6757881035609519,0.6672055529859066
255,2024-05-15 15:45:00,0.8484977587737312,0.8331397073856377,0.8593673611767099,0.6625849835598213,0.6703714798396958,0.6611319524780729
256,2024-05-15 16:00:00,0.8484977587737312,0.8331397073856377,0.8593673611767099,0.696959967168544,0.6649548561184397,0.6550583519702391
257,2024-05-15 16:15:00,0.8484977587737312,0.8331397073856377,0.8593673611767099,0.7313349507772667,0.6595382323971837,0.6489847514624054
258,2024-05-15 16:30:00,0.8484977587737312,0.8331397073856377,0.8593673611767099,0.7657099343859894,0.6541216086759276,0.6429111509545717
259,2024-05-15 16:45:00,0.8484977587737312,0.8331397073856377,0.8593673611767099,0.8000849179947122,0.6487049849546717,0.636837550446738
260,2024-05-15 17:00:00,0.8484977587737312,0.8331397073856377,0.8593673611767099,0.8000849179947122,0.6432883612334156,0.6307639499389042
261,2024-05-15 17:15:00,0.8484977587737312,0.8331397073856377,0.8593673611767099,0.8000849179947122,0.6378717375121595,0.6246903494310705
262,2024-05-15 17:30:00,0.8484977587737312,0.8331397073856377,0.8593673611767099,0.8000849179947122,0.6324551137909036,0.6186167489232368
263,2024-05-15 17:45:00,0.8484977587737312,0.8331397073856377,0.8593673611767099,0.8000849179947122,0.6270384900696475,0.612543148415403
264,2024-05-15 18:00:00,0.8484977587737312,0.8331397073856377,0.8593673611767099,0.8000849179947122,0.6216218663483914,0.6469181320241257
265,2024-05-15 18:15:00,0.8484977587737312,0.8331397073856377,0.8593673611767099,0.8000849179947122,0.6162052426271354,0.6812931156328484
266,2024-05-15 18:30:00,0.8484977587737312,0.8331397073856377,0.8593673611767099,0.8000849179947122,0.6107886189058793,0.7156680992415712
267,2024-05-15 18:45:00,0.8484977587737312,0.8331397073856377,0.8593673611767099,0.8000849179947122,0.6053719951846233,0.7500430828502939
268,2024-05-15 19:00:00,0.8484977587737312,0.8331397073856377,0.8593673611767099,0.8000849179947122,0.5999553714633673,0.7844180664590166
269,2024-05-15 19:15:00,0.8484977587737312,0.8331397073856377,0.8593673611767099,0.8000849179947122,0.5945387477421112,0.8187930500677393
270,2024-05-15 19:30:00,0.8484977587737312,0.8331397073856377,0.8593673611767099,0.8000849179947122,0.628913731350834,0.8187930500677393
271,2024-05-15 19:45:00,0.8484977587737312,0.8331397073856377,0.8593673611767099,0.8000849179947122,0.6632887149595567,0.8187930500677393
272,2024-05-15 20:00:00,0.8484977587737312,0.8331397073856377,0.8593673611767099,0.8000849179947122,0.6976636985682794,0.8187930500677393
273,2024-05-15 20:15:00,0.8484977587737312,0.8331397073856377,0.8593673611767099,0.8000849179947122,0.7320386821770021,0.8187930500677393
274,2024-05-15 20:30:00,0.8484977587737312,0.8331397073856377,0.8593673611767099,0.8000849179947122,0.7664136657857248,0.8187930500677393
275,2024-05-15 20:45:00,0.8484977587737312,0.8331397073856377,0.8593673611767099,0.8000849179947122,0.8007886493944475,0.8187930500677393
276,2024-05-15 21:00:00,0.8484977587737312,0.8331397073856377,0.8593673611767099,0.8000849179947122,0.8007886493944475,0.8187930500677393
277,2024-05-15 21:15:00,0.8484977587737312,0.8331397073856377,0.8593673611767099,0.8000849179947122,0.8007886493944475,0.8187930500677393
278,2024-05-15 21:30:00,0.8484977587737312,0.8331397073856377,0.8593673611767099,0.8000849179947122,0.8007886493944475,0.8187930500677393
279,2024-05-15 21:45:00,0.8484977587737312,0.8331397073856377,0.8593673611767099,0.8000849179947122,0.8007886493944475,0.8187930500677393
280,2024-05-15 22:00:00,0.8484977587737312,0.8331397073856377,0.8593673611767099,0.8000849179947122,0.8007886493944475,0.8187930500677393
281,2024-05-15 22:15:00,0.8484977587737312,0.8331397073856377,0.8593673611767099,0.8000849179947122,0.8007886493944475,0.8187930500677393
282,2024-05-15 22:30:00,0.8484977587737312,0.8331397073856377,0.8593673611767099,0.8000849179947122,0.8007886493944475,0.8187930500677393
283,2024-05-15 22:45:00,0.8484977587737312,0.8331397073856377,0.8593673611767099,0.8000849179947122,0.8007886493944475,0.8187930500677393
284,2024-05-15 23:00:00,0.8484977587737312,0.8331397073856377,0.8593673611767099,0.8000849179947122,0.8007886493944475,0.8187930500677393
285,2024-05-15 23:15:00,0.8484977587737312,0.8331397073856377,0.8593673611767099,0.8000849179947122,0.8007886493944475,0.8187930500677393
286,2024-05-15 23:30:00,0.8484977587737312,0.8331397073856377,0.8593673611767099,0.8000849179947122,0.8007886493944475,0.8187930500677393
287,2024-05-15 23:45:00,0.8484977587737312,0.8331397073856377,0.8593673611767099,0.8000849179947122,0.8007886493944475,0.8187930500677393
288,2024-05-16 00:00:00,0.8484977587737312,0.8331397073856377,0.8593673611767099,0.8000849179947122,0.8007886493944475,0.8187930500677393
289,2024-05-16 00:15:00,0.8484977587737312,0.8331397073856377,0.8593673611767099,0.8000849179947122,0.8007886493944475,0.8187930500677393
290,2024-05-16 00:30:00,0.8484977587737312,0.8331397073856377,0.8593673611767099,0.8000849179947122,0.8007886493944475,0.8187930500677393
291,2024-05-16 00:45:00,0.8484977587737312,0.8331397073856377,0.8593673611767099,0.8000849179947122,0.8007886493944475,0.8187930500677393
292,2024-05-16 01:00:00,0.8484977587737312,0.8331397073856377,0.8593673611767099,0.8000849179947122,0.8007886493944475,0.8187930500677393
293,2024-05-16 01:15:00,0.8484977587737312,0.8331397073856377,0.8593673611767099,0.8000849179947122,0.8007886493944475,0.8187930500677393
294,2024-05-16 01:30:00,0.8484977587737312,0.8331397073856377,0.8593673611767099,0.8000849179947122,0.8007886493944475,0.8187930500677393
295,2024-05-16 01:45:00,0.8484977587737312,0.8331397073856377,0.8593673611767099,0.8000849179947122,0.8007886493944475,0.8187930500677393
296,2024-05-16 02:00:00,0.8484977587737312,0.8331397073856377,0.8593673611767099,0.8000849179947122,0.8007886493944475,0.8187930500677393
297,2024-05-16 02:15:00,0.8484977587737312,0.8331397073856377,0.8593673611767099,0.8000849179947122,0.8007886493944475,0.8187930500677393
298,2024-05-16 02:30:00,0.8484977587737312,0.8331397073856377,0.8593673611767099,0.8000849179947122,0.8007886493944475,0.8187930500677393
299,2024-05-16 02:45:00,0.8484977587737312,0.8331397073856377,0.8593673611767099,0.8000849179947122,0.8007886493944475,0.8187930500677393
300,2024-05-16 03:00:00,0.8484977587737312,0.8331397073856377,0.8593673611767099,0.8000849179947122,0.8007886493944475,0.8187930500677393
301,2024-05-16 03:15:00,0.8484977587737312,0.8331397073856377,0.8593673611767099,0.8000849179947122,0.8007886493944475,0.8187930500677393
302,2024-05-16 03:30:00,0.8484977587737312,0.8331397073856377,0.8593673611767099,0.8000849179947122,0.8007886493944475,0.8187930500677393
303,2024-05-16 03:45:00,0.8484977587737312,0.8331397073856377,0.8593673611767099,0.8000849179947122,0.8007886493944475,0.8187930500677393
304,2024-05-16 04:00:00,0.8484977587737312,0.8331397073856377,0.8593673611767099,0.8000849179947122,0.8007886493944475,0.8187930500677393
305,2024-05-16 04:15:00,0.8484977587737312,0.8331397073856377,0.8593673611767099,0.8000849179947122,0.8007886493944475,0.8187930500677393
306,2024-05-16 04:30:00,0.8484977587737312,0.8331397073856377,0.8593673611767099,0.8000849179947122,0.8007886493944475,0.8187930500677393
307,2024-05-16 04:45:00,0.8484977587737312,0.8331397073856377,0.8593673611767099,0.8000849179947122,0.8007886493944475,0.8187930500677393
308,2024-05-16 05:00:00,0.8484977587737312,0.8331397073856377,0.8593673611767099,0.8000849179947122,0.8007886493944475,0.8187930500677393
309,2024-05-16 05:15:00,0.8484977587737312,0.8331397073856377,0.8593673611767099,0.8000849179947122,0.8007886493944475,0.8187930500677393
310,2024-05-16 05:30:00,0.8484977587737312,0.8331397073856377,0.8593673611767099,0.8000849179947122,0.8007886493944475,0.8187930500677393
311,2024-05-16 05:45:00,0.8484977587737312,0.8331397073856377,0.8593673611767099,0.8000849179947122,0.8007886493944475,0.8187930500677393
312,2024-05-16 06:00:00,0.8484977587737312,0.8331397073856377,0.8593673611767099,0.8000849179947122,0.8007886493944475,0.8187930500677393
313,2024-05-16 06:15:00,0.8484977587737312,0.8331397073856377,0.8593673611767099,0.8000849179947122,0.8007886493944475,0.8187930500677393
314,2024-05-16 06:30:00,0.8484977587737312,0.8331397073856377,0.8593673611767099,0.8000849179947122,0.8007886493944475,0.8187930500677393
315,2024-05-16 06:45:00,0.8484977587737312,0.8331397073856377,0.8593673611767099,0.8000849179947122,0.8007886493944475,0.8187930500677393
316,2024-05-16 07:00:00,0.8484977587737312,0.8331397073856377,0.8593673611767099,0.8000849179947122,0.8007886493944475,0.8187930500677393
317,2024-05-16 07:15:00,0.8484977587737312,0.8331397073856377,0.8593673611767099,0.8000849179947122,0.8007886493944475,0.8187930500677393
318,2024-05-16 07:30:00,0.8484977587737312,0.8331397073856377,0.8593673611767099,0.8000849179947122,0.8007886493944475,0.8187930500677393
319,2024-05-16 07:45:00,0.8484977587737312,0.8331397073856377,0.8593673611767099,0.8000849179947122,0.8007886493944475,0.8187930500677393
320,2024-05-16 08:00:00,0.8452109498262457,0.8331397073856377,0.8593673611767099,0.7902580089164332,0.8007886493944475,0.8187930500677393
321,2024-05-16 08:15:00,0.8419241408787601,0.8331397073856377,0.8593673611767099,0.7804310998381542,0.8007886493944475,0.8187930500677393
322,2024-05-16 08:30:00,0.8386373319312745,0.8331397073856377,0.8593673611767099,0.7706041907598752,0.8007886493944475,0.8187930500677393
323,2024-05-16 08:45:00,0.835350522983789,0.8331397073856377,0.8593673611767099,0.7607772816815962,0.7966590187918527,0.8137319351241141
324,2024-05-16 09:00:00,0.8320637140363034,0.8284112743898444,0.8593673611767099,0.7509503726033171,0.792529388189258,0.8086708201804889
325,2024-05-16 09:15:00,0.8287769050888179,0.8236828413940512,0.857242092884027,0.7411234635250381,0.7883997575866634,0.8036097052368637
326,2024-05-16 09:30:00,0.8254900961413323,0.818954408398258,0.855116824591344,0.7312965544467591,0.7842701269840686,0.7985485902932384
327,2024-05-16 09:45:00,0.8222032871938467,0.8142259754024648,0.8529915562986611,0.7214696453684801,0.7801404963814739,0.7934874753496133
328,2024-05-16 10:00:00,0.8189164782463612,0.8094975424066715,0.8508662880059782,0.7116427362902011,0.7760108657788791,0.788426360405988
329,2024-05-16 10:15:00,0.8156296692988756,0.8047691094108782,0.8487410197132952,0.7018158272119221,0.7718812351762844,0.7833652454623629
330,2024-05-16 10:30:00,0.8123428603513899,0.800040676415085,0.8466157514206123,0.6919889181336432,0.7677516045736896,0.7783041305187376
331,2024-05-16 10:45:00,0.8090560514039044,0.7953122434192917,0.8444904831279294,0.6821620090553642,0.763621973971095,0.7732430155751124
332,2024-05-16 11:00:00,0.8057692424564188,0.7905838104234985,0.8423652148352464,0.6723350999770852,0.7594923433685002,0.7681819006314872
333,2024-05-16 11:15:00,0.8024824335089332,0.7858553774277053,0.8402399465425635,0.6625081908988062,0.7553627127659055,0.763120785687862
334,2024-05-16 11:30:00,0.7991956245614477,0.781126944431912,0.8381146782498806,0.6526812818205271,0.7512330821633108,0.7580596707442367
335,2024-05-16 11:45:00,0.7959088156139621,0.7763985114361188,0.8359894099571977,0.6428543727422481,0.747103451560716,0.7529985558006116
336,2024-05-16 12:00:00,0.7926220066664765,0.7716700784403255,0.8338641416645147,0.6330274636639691,0.7429738209581213,0.7479374408569863
337,2024-05-16 12:15:00,0.789335197718991,0.7669416454445322,0.8317388733718318,0.6232005545856901,0.7388441903555266,0.7428763259133612
338,2024-05-16 12:30:00,0.7860483887715054,0.7622132124487391,0.8296136050791489,0.6133736455074111,0.7347145597529319,0.7378152109697359
339,2024-05-16 12:45:00,0.7827615798240198,0.7574847794529458,0.8274883367864659,0.6035467364291321,0.7305849291503371,0.7327540960261107
340,2024-05-16 13:00:00,0.7794747708765343,0.7527563464571525,0.825363068493783,0.5937198273508532,0.7264552985477424,0.7276929810824855
341,2024-05-16 13:15:00,0.7761879619290487,0.7480279134613593,0.8232378002011002,0.5838929182725741,0.7223256679451476,0.7226318661388603
342,2024-05-16 13:30:00,0.7729011529815631,0.743299480465566,0.8211125319084172,0.5740660091942951,0.7181960373425529,0.7175707511952352
343,2024-05-16 13:45:00,0.7696143440340776,0.7385710474697729,0.8189872636157343,0.5642391001160161,0.7140664067399582,0.7125096362516099
344,2024-05-16 14:00:00,0.766327535086592,0.7338426144739796,0.8168619953230514,0.5544121910377371,0.7099367761373635,0.7074485213079846
345,2024-05-16 14:15:00,0.7630407261391065,0.7291141814781863,0.8147367270303684,0.5445852819594581,0.7058071455347688,0.7023874063643595
346,2024-05-16 14:30:00,0.7597539171916209,0.7243857484823931,0.8126114587376855,0.5347583728811791,0.701677514932174,0.6973262914207343
347,2024-05-16 14:45:00,0.7564671082441353,0.7196573154865998,0.8104861904450026,0.5249314638029001,0.6975478843295793,0.6922651764771091
348,2024-05-16 15:00:00,0.7531802992966496,0.7149288824908067,0.8083609221523196,0.5151045547246211,0.6934182537269846,0.6872040615334838
349,2024-05-16 15:15:00,0.7498934903491641,0.7102004494950134,0.8062356538596367,0.5052776456463421,0.6892886231243899,0.6821429465898586
350,2024-05-16 15:30:00,0.7466066814016785,0.8147004245802718,0.8041103855669538,0.4954507365680631,0.6851589925217951,0.6770818316462335
351,2024-05-16 15:45:00,0.743319872454193,0.8147004245802718,0.8019851172742708,0.4856238274897841,0.6810293619192004,0.6720207167026082
352,2024-05-16 16:00:00,0.7400330635067074,0.8147004245802718,0.7998598489815879,0.4757969184115051,0.6768997313166056,0.6669596017589831
353,2024-05-16 16:15:00,0.7367462545592218,0.8147004245802718,0.797734580688905,0.5101719020202278,0.6727701007140109,0.6618984868153578
354,2024-05-16 16:30:00,0.7334594456117363,0.8147004245802718,0.795609312396222,0.5445468856289505,0.6686404701114161,0.6568373718717326
355,2024-05-16 16:45:00,0.7301726366642507,0.8147004245802718,0.7934840441035391,0.5789218692376732,0.6645108395088215,0.6517762569281074
356,2024-05-16 17:00:00,0.7268858277167651,0.8147004245802718,0.7913587758108562,0.6132968528463959,0.6603812089062268,0.6467151419844822
357,2024-05-16 17:15:00,0.7235990187692796,0.8147004245802718,0.7892335075181733,0.6476718364551186,0.656251578303632,0.641654027040857
358,2024-05-16 17:30:00,0.8280989938545381,0.8147004245802718,0.7871082392254903,0.6820468200638413,0.6906265619123547,0.6365929120972318
359,2024-05-16 17:45:00,0.8280989938545381,0.8147004245802718,0.7849829709328074,0.716421803672564,0.7250015455210774,0.6315317971536065
360,2024-05-16 18:00:00,0.8280989938545381,0.8147004245802718,0.7828577026401246,0.7507967872812867,0.7593765291298001,0.6264706822099814
361,2024-05-16 18:15:00,0.8280989938545381,0.8147004245802718,0.7807324343474416,0.7851717708900094,0.7937515127385228,0.6214095672663562
362,2024-05-16 18:30:00,0.8280989938545381,0.8147004245802718,0.7786071660547587,0.8195467544987322,0.8281264963472456,0.6163484523227309
363,2024-05-16 18:45:00,0.8280989938545381,0.8147004245802718,0.7764818977620758,0.8195467544987322,0.8281264963472456,0.6507234359314537
364,2024-05-16 19:00:00,0.8280989938545381,0.8147004245802718,0.7743566294693928,0.8195467544987322,0.8281264963472456,0.6850984195401764
365,2024-05-16 19:15:00,0.8280989938545381,0.8147004245802718,0.7722313611767099,0.8195467544987322,0.8281264963472456,0.7194734031488991
366,2024-05-16 19:30:00,0.8280989938545381,0.8147004245802718,0.8767313362619684,0.8195467544987322,0.8281264963472456,0.7538483867576218
367,2024-05-16 19:45:00,0.8280989938545381,0.8147004245802718,0.8767313362619684,0.8195467544987322,0.8281264963472456,0.7882233703663445
368,2024-05-16 20:00:00,0.8280989938545381,0.8147004245802718,0.8767313362619684,0.8195467544987322,0.8281264963472456,0.8225983539750672
369,2024-05-16 20:15:00,0.8280989938545381,0.8147004245802718,0.8767313362619684,0.8195467544987322,0.8281264963472456,0.8225983539750672
370,2024-05-16 20:30:00,0.8280989938545381,0.8147004245802718,0.8767313362619684,0.8195467544987322,0.8281264963472456,0.8225983539750672
371,2024-05-16 20:45:00,0.8280989938545381,0.8147004245802718,0.8767313362619684,0.8195467544987322,0.8281264963472456,0.8225983539750672
372,2024-05-16 21:00:00,0.8280989938545381,0.8147004245802718,0.8767313362619684,0.8195467544987322,0.8281264963472456,0.8225983539750672
373,2024-05-16 21:15:00,0.8280989938545381,0.8147004245802718,0.8767313362619684,0.8195467544987322,0.8281264963472456,0.8225983539750672
374,2024-05-16 21:30:00,0.8280989938545381,0.8147004245802718,0.8767313362619684,0.8195467544987322,0.8281264963472456,0.8225983539750672
375,2024-05-16 21:45:00,0.8280989938545381,0.8147004245802718,0.8767313362619684,0.8195467544987322,0.8281264963472456,0.8225983539750672
376,2024-05-16 22:00:00,0.8280989938545381,0.8147004245802718,0.8767313362619684,0.8195467544987322,0.8281264963472456,0.8225983539750672
377,2024-05-16 22:15:00,0.8280989938545381,0.8147004245802718,0.8767313362619684,0.8195467544987322,0.8281264963472456,0.8225983539750672
378,2024-05-16 22:30:00,0.8280989938545381,0.8147004245802718,0.8767313362619684,0.8195467544987322,0.8281264963472456,0.8225983539750672
379,2024-05-16 22:45:00,0.8280989938545381,0.8147004245802718,0.8767313362619684,0.8195467544987322,0.8281264963472456,0.8225983539750672
380,2024-05-16 23:00:00,0.8280989938545381,0.8147004245802718,0.8767313362619684,0.8195467544987322,0.8281264963472456,0.8225983539750672
381,2024-05-16 23:15:00,0.8280989938545381,0.8147004245802718,0.8767313362619684,0.8195467544987322,0.8281264963472456,0.8225983539750672
382,2024-05-16 23:30:00,0.8280989938545381,0.8147004245802718,0.8767313362619684,0.8195467544987322,0.8281264963472456,0.8225983539750672
383,2024-05-16 23:45:00,0.8280989938545381,0.8147004245802718,0.8767313362619684,0.8195467544987322,0.8281264963472456,0.8225983539750672
384,2024-05-17 00:00:00,0.8280989938545381,0.8147004245802718,0.8767313362619684,0.8195467544987322,0.8281264963472456,0.8225983539750672
385,2024-05-17 00:15:00,0.8280989938545381,0.8147004245802718,0.8767313362619684,0.8195467544987322,0.8281264963472456,0.8225983539750672
386,2024-05-17 00:30:00,0.8280989938545381,0.8147004245802718,0.8767313362619684,0.8195467544987322,0.8281264963472456,0.8225983539750672
387,2024-05-17 00:45:00,0.8280989938545381,0.8147004245802718,0.8767313362619684,0.8195467544987322,0.8281264963472456,0.8225983539750672
388,2024-05-17 01:00:00,0.8280989938545381,0.8147004245802718,0.8767313362619684,0.8195467544987322,0.8281264963472456,0.8225983539750672
389,2024-05-17 01:15:00,0.8280989938545381,0.8147004245802718,0.8767313362619684,0.8195467544987322,0.8281264963472456,0.8225983539750672
390,2024-05-17 01:30:00,0.8280989938545381,0.8147004245802718,0.8767313362619684,0.8195467544987322,0.8281264963472456,0.8225983539750672
391,2024-05-17 01:45:00,0.8280989938545381,0.8147004245802718,0.8767313362619684,0.8195467544987322,0.8281264963472456,0.8225983539750672
392,2024-05-17 02:00:00,0.8280989938545381,0.8147004245802718,0.8767313362619684,0.8195467544987322,0.8281264963472456,0.8225983539750672
393,2024-05-17 02:15:00,0.8280989938545381,0.8147004245802718,0.8767313362619684,0.8195467544987322,0.8281264963472456,0.8225983539750672
394,2024-05-17 02:30:00,0.8280989938545381,0.8147004245802718,0.8767313362619684,0.8195467544987322,0.8281264963472456,0.8225983539750672
395,2024-05-17 02:45:00,0.8280989938545381,0.8147004245802718,0.8767313362619684,0.8195467544987322,0.8281264963472456,0.8225983539750672
396,2024-05-17 03:00:00,0.8280989938545381,0.8147004245802718,0.8767313362619684,0.8195467544987322,0.8281264963472456,0.8225983539750672
397,2024-05-17 03:15:00,0.8280989938545381,0.8147004245802718,0.8767313362619684,0.8195467544987322,0.8281264963472456,0.8225983539750672
398,2024-05-17 03:30:00,0.8280989938545381,0.8147004245802718,0.8767313362619684,0.8195467544987322,0.8281264963472456,0.8225983539750672
399,2024-05-17 03:45:00,0.8280989938545381,0.8147004245802718,0.8767313362619684,0.8195467544987322,0.8281264963472456,0.8225983539750672
400,2024-05-17 04:00:00,0.8280989938545381,0.8147004245802718,0.8767313362619684,0.8195467544987322,0.8281264963472456,0.8225983539750672
401,2024-05-17 04:15:00,0.8280989938545381,0.8147004245802718,0.8767313362619684,0.8195467544987322,0.8281264963472456,0.8225983539750672
402,2024-05-17 04:30:00,0.8280989938545381,0.8147004245802718,0.8767313362619684,0.8195467544987322,0.8281264963472456,0.8225983539750672
403,2024-05-17 04:45:00,0.8280989938545381,0.8147004245802718,0.8767313362619684,0.8195467544987322,0.8281264963472456,0.8225983539750672
404,2024-05-17 05:00:00,0.8280989938545381,0.8147004245802718,0.8767313362619684,0.8195467544987322,0.8281264963472456,0.8225983539750672
405,2024-05-17 05:15:00,0.8280989938545381,0.8147004245802718,0.8767313362619684,0.8195467544987322,0.8281264963472456,0.8225983539750672
406,2024-05-17 05:30:00,0.8280989938545381,0.8147004245802718,0.8767313362619684,0.8195467544987322,0.8281264963472456,0.8225983539750672
407,2024-05-17 05:45:00,0.8280989938545381,0.8147004245802718,0.8767313362619684,0.8195467544987322,0.8281264963472456,0.8225983539750672
408,2024-05-17 06:00:00,0.8280989938545381,0.8147004245802718,0.8767313362619684,0.8195467544987322,0.8281264963472456,0.8225983539750672
409,2024-05-17 06:15:00,0.8280989938545381,0.8147004245802718,0.8767313362619684,0.8195467544987322,0.8281264963472456,0.8225983539750672
410,2024-05-17 06:30:00,0.8280989938545381,0.8147004245802718,0.8767313362619684,0.8195467544987322,0.8281264963472456,0.8225983539750672
411,2024-05-17 06:45:00,0.8280989938545381,0.8147004245802718,0.8767313362619684,0.8195467544987322,0.8281264963472456,0.8225983539750672
412,2024-05-17 07:00:00,0.8280989938545381,0.8147004245802718,0.8767313362619684,0.8195467544987322,0.8281264963472456,0.8225983539750672
413,2024-05-17 07:15:00,0.8280989938545381,0.8147004245802718,0.8767313362619684,0.8195467544987322,0.8281264963472456,0.8225983539750672
414,2024-05-17 07:30:00,0.8280989938545381,0.8147004245802718,0.8767313362619684,0.8195467544987322,0.8281264963472456,0.8145735091417807
415,2024-05-17 07:45:00,0.8280989938545381,0.8147004245802718,0.8767313362619684,0.8195467544987322,0.8281264963472456,0.8065486643084943
416,2024-05-17 08:00:00,0.8212267866560722,0.8119585400594262,0.8767313362619684,0.8195467544987322,0.8281264963472456,0.7985238194752078
417,2024-05-17 08:15:00,0.8143545794576063,0.8092166555385806,0.8767313362619684,0.8195467544987322,0.8281264963472456,0.7904989746419212
418,2024-05-17 08:30:00,0.8074823722591403,0.806474771017735,0.8719867971200398,0.8195467544987322,0.8188455893045851,0.7824741298086347
419,2024-05-17 08:45:00,0.8006101650606744,0.8037328864968893,0.8672422579781112,0.8195467544987322,0.8095646822619245,0.7744492849753483
420,2024-05-17 09:00:00,0.7937379578622084,0.8009910019760438,0.8624977188361825,0.8195467544987322,0.800283775219264,0.7664244401420618
421,2024-05-17 09:15:00,0.7868657506637424,0.7982491174551981,0.8577531796942539,0.8094685590100104,0.7910028681766035,0.7583995953087753
422,2024-05-17 09:30:00,0.7799935434652765,0.7955072329343525,0.8530086405523253,0.7993903635212886,0.7817219611339429,0.7503747504754888
423,2024-05-17 09:45:00,0.7731213362668106,0.7927653484135069,0.8482641014103967,0.7893121680325668,0.7724410540912824,0.7423499056422023
424,2024-05-17 10:00:00,0.7662491290683446,0.7900234638926613,0.843519562268468,0.779233972543845,0.7631601470486218,0.7343250608089158
425,2024-05-17 10:15:00,0.7593769218698787,0.7872815793718156,0.8387750231265394,0.7691557770551232,0.7538792400059613,0.7263002159756293
426,2024-05-17 10:30:00,0.7525047146714128,0.7845396948509701,0.8340304839846107,0.7590775815664013,0.7445983329633008,0.7182753711423429
427,2024-05-17 10:45:00,0.7456325074729468,0.7817978103301244,0.829285944842682,0.7489993860776796,0.7353174259206402,0.7102505263090564
428,2024-05-17 11:00:00,0.7387603002744809,0.7790559258092788,0.8245414057007534,0.7389211905889577,0.7260365188779797,0.7022256814757699
429,2024-05-17 11:15:00,0.731888093076015,0.7763140412884332,0.8197968665588248,0.7288429951002359,0.7167556118353192,0.6942008366424834
430,2024-05-17 11:30:00,0.7250158858775491,0.7735721567675876,0.8150523274168961,0.7187647996115141,0.7074747047926586,0.6861759918091969
431,2024-05-17 11:45:00,0.718143678679083,0.7708302722467419,0.8103077882749675,0.7086866041227923,0.6981937977499981,0.6781511469759104
432,2024-05-17 12:00:00,0.7112714714806171,0.7680883877258964,0.8055632491330389,0.6986084086340705,0.6889128907073376,0.6701263021426239
433,2024-05-17 12:15:00,0.7043992642821512,0.7653465032050508,0.8008187099911103,0.6885302131453487,0.679631983664677,0.6621014573093374
434,2024-05-17 12:30:00,0.6975270570836852,0.7626046186842051,0.7960741708491816,0.6784520176566269,0.6703510766220165,0.654076612476051
435,2024-05-17 12:45:00,0.6906548498852193,0.7598627341633596,0.791329631707253,0.6683738221679051,0.6610701695793559,0.6460517676427644
436,2024-05-17 13:00:00,0.6837826426867534,0.7571208496425139,0.7865850925653244,0.6582956266791833,0.6517892625366954,0.6380269228094779
437,2024-05-17 13:15:00,0.6769104354882874,0.7543789651216684,0.7818405534233958,0.6482174311904615,0.642508355494035,0.6300020779761915
438,2024-05-17 13:30:00,0.6700382282898215,0.7516370806008227,0.7770960142814671,0.6381392357017397,0.6332274484513745,0.621977233142905
439,2024-05-17 13:45:00,0.6631660210913555,0.7488951960799771,0.7723514751395385,0.6280610402130178,0.6239465414087139,0.6139523883096185
440,2024-05-17 14:00:00,0.6562938138928895,0.7461533115591314,0.7676069359976099,0.6179828447242961,0.6146656343660534,0.605927543476332
441,2024-05-17 14:15:00,0.6494216066944236,0.7434114270382859,0.7628623968556811,0.6079046492355742,0.6053847273233928,0.5979026986430456
442,2024-05-17 14:30:00,0.6425493994959577,0.7406695425174402,0.7581178577137526,0.5978264537468524,0.5961038202807323,0.5898778538097591
443,2024-05-17 14:45:00,0.6356771922974918,0.7379276579965947,0.7533733185718239,0.5877482582581306,0.5868229132380718,0.5818530089764725
444,2024-05-17 15:00:00,0.6288049850990258,0.735185773475749,0.7486287794298953,0.5776700627694088,0.5775420061954113,0.573828164143186
445,2024-05-17 15:15:00,0.7333049601842843,0.7324438889549034,0.7438842402879666,0.567591867280687,0.5682610991527507,0.5658033193098996
446,2024-05-17 15:30:00,0.8378049352695427,0.7297020044340579,0.739139701146038,0.5575136717919652,0.5589801921100901,0.5577784744766131
447,2024-05-17 15:45:00,0.8378049352695427,0.7269601199132122,0.7343951620041094,0.5474354763032434,0.5496992850674296,0.5921534580853358
448,2024-05-17 16:00:00,0.8378049352695427,0.8314600949984706,0.7296506228621807,0.5373572808145216,0.5404183780247691,0.6265284416940585
449,2024-05-17 16:15:00,0.8378049352695427,0.8314600949984706,0.7249060837202521,0.5272790853257998,0.5747933616334918,0.6609034253027812
450,2024-05-17 16:30:00,0.8378049352695427,0.8314600949984706,0.8294060588055105,0.5172008898370779,0.6091683452422145,0.6952784089115039
451,2024-05-17 16:45:00,0.8378049352695427,0.8314600949984706,0.8294060588055105,0.5071226943483562,0.6435433288509372,0.7296533925202267
452,2024-05-17 17:00:00,0.8378049352695427,0.8314600949984706,0.8294060588055105,0.49704449885963436,0.6779183124596599,0.7640283761289494
453,2024-05-17 17:15:00,0.8378049352695427,0.8314600949984706,0.8294060588055105,0.48696630337091257,0.7122932960683827,0.7984033597376721
454,2024-05-17 17:30:00,0.8378049352695427,0.8314600949984706,0.8294060588055105,0.47688810788219077,0.7466682796771054,0.8327783433463948
455,2024-05-17 17:45:00,0.8378049352695427,0.8314600949984706,0.8294060588055105,0.466809912393469,0.7810432632858281,0.8327783433463948
456,2024-05-17 18:00:00,0.8378049352695427,0.8314600949984706,0.8294060588055105,0.5011848960021916,0.8154182468945508,0.8327783433463948
457,2024-05-17 18:15:00,0.8378049352695427,0.8314600949984706,0.8294060588055105,0.5355598796109143,0.8154182468945508,0.8327783433463948
458,2024-05-17 18:30:00,0.8378049352695427,0.8314600949984706,0.8294060588055105,0.569934863219637,0.8154182468945508,0.8327783433463948
459,2024-05-17 18:45:00,0.8378049352695427,0.8314600949984706,0.8294060588055105,0.6043098468283598,0.8154182468945508,0.8327783433463948
460,2024-05-17 19:00:00,0.8378049352695427,0.8314600949984706,0.8294060588055105,0.6386848304370825,0.8154182468945508,0.8327783433463948
461,2024-05-17 19:15:00,0.8378049352695427,0.8314600949984706,0.8294060588055105,0.6730598140458052,0.8154182468945508,0.8327783433463948
462,2024-05-17 19:30:00,0.8378049352695427,0.8314600949984706,0.8294060588055105,0.7074347976545279,0.8154182468945508,0.8327783433463948
463,2024-05-17 19:45:00,0.8378049352695427,0.8314600949984706,0.8294060588055105,0.7418097812632506,0.8154182468945508,0.8327783433463948
464,2024-05-17 20:00:00,0.8378049352695427,0.8314600949984706,0.8294060588055105,0.7761847648719733,0.8154182468945508,0.8327783433463948
465,2024-05-17 20:15:00,0.8378049352695427,0.8314600949984706,0.8294060588055105,0.810559748480696,0.8154182468945508,0.8327783433463948
466,2024-05-17 20:30:00,0.8378049352695427,0.8314600949984706,0.8294060588055105,0.810559748480696,0.8154182468945508,0.8327783433463948
467,2024-05-17 20:45:00,0.8378049352695427,0.8314600949984706,0.8294060588055105,0.810559748480696,0.8154182468945508,0.8327783433463948
468,2024-05-17 21:00:00,0.8378049352695427,0.8314600949984706,0.8294060588055105,0.810559748480696,0.8154182468945508,0.8327783433463948
469,2024-05-17 21:15:00,0.8378049352695427,0.8314600949984706,0.8294060588055105,0.810559748480696,0.8154182468945508,0.8327783433463948
470,2024-05-17 21:30:00,0.8378049352695427,0.8314600949984706,0.8294060588055105,0.810559748480696,0.8154182468945508,0.8327783433463948
471,2024-05-17 21:45:00,0.8378049352695427,0.8314600949984706,0.8294060588055105,0.810559748480696,0.8154182468945508,0.8327783433463948
472,2024-05-17 22:00:00,0.8378049352695427,0.8314600949984706,0.8294060588055105,0.810559748480696,0.8154182468945508,0.8327783433463948
473,2024-05-17 22:15:00,0.8378049352695427,0.8314600949984706,0.8294060588055105,0.810559748480696,0.8154182468945508,0.8327783433463948
474,2024-05-17 22:30:00,0.8378049352695427,0.8314600949984706,0.8294060588055105,0.810559748480696,0.8154182468945508,0.8327783433463948
475,2024-05-17 22:45:00,0.8378049352695427,0.8314600949984706,0.8294060588055105,0.810559748480696,0.8154182468945508,0.8327783433463948
476,2024-05-17 23:00:00,0.8378049352695427,0.8314600949984706,0.8294060588055105,0.810559748480696,0.8154182468945508,0.8327783433463948
477,2024-05-17 23:15:00,0.8378049352695427,0.8314600949984706,0.8294060588055105,0.810559748480696,0.8154182468945508,0.8327783433463948
478,2024-05-17 23:30:00,0.8378049352695427,0.8314600949984706,0.8294060588055105,0.810559748480696,0.8154182468945508,0.8327783433463948
479,2024-05-17 23:45:00,0.8378049352695427,0.8314600949984706,0.8294060588055105,0.810559748480696,0.8154182468945508,0.8327783433463948
480,2024-05-18 00:00:00,0.8378049352695427,0.8314600949984706,0.8294060588055105,0.810559748480696,0.8154182468945508,0.8327783433463948
481,2024-05-18 00:15:00,0.8378049352695427,0.8314600949984706,0.8294060588055105,0.810559748480696,0.8154182468945508,0.8327783433463948
482,2024-05-18 00:30:00,0.8378049352695427,0.8314600949984706,0.8294060588055105,0.810559748480696,0.8154182468945508,0.8327783433463948
483,2024-05-18 00:45:00,0.8378049352695427,0.8314600949984706,0.8294060588055105,0.810559748480696,0.8154182468945508,0.8327783433463948
484,2024-05-18 01:00:00,0.8378049352695427,0.8314600949984706,0.8294060588055105,0.810559748480696,0.8154182468945508,0.8327783433463948
485,2024-05-18 01:15:00,0.8378049352695427,0.8314600949984706,0.8294060588055105,0.810559748480696,0.8154182468945508,0.8327783433463948
486,2024-05-18 01:30:00,0.8378049352695427,0.8314600949984706,0.8294060588055105,0.810559748480696,0.8154182468945508,0.8327783433463948
487,2024-05-18 01:45:00,0.8378049352695427,0.8314600949984706,0.8294060588055105,0.810559748480696,0.8154182468945508,0.8327783433463948
488,2024-05-18 02:00:00,0.8378049352695427,0.8314600949984706,0.8294060588055105,0.810559748480696,0.8154182468945508,0.8327783433463948
489,2024-05-18 02:15:00,0.8378049352695427,0.8314600949984706,0.8294060588055105,0.810559748480696,0.8154182468945508,0.8327783433463948
490,2024-05-18 02:30:00,0.8378049352695427,0.8314600949984706,0.8294060588055105,0.810559748480696,0.8154182468945508,0.8327783433463948
491,2024-05-18 02:45:00,0.8378049352695427,0.8314600949984706,0.8294060588055105,0.810559748480696,0.8154182468945508,0.8327783433463948
492,2024-05-18 03:00:00,0.8378049352695427,0.8314600949984706,0.8294060588055105,0.810559748480696,0.8154182468945508,0.8327783433463948
493,2024-05-18 03:15:00,0.8378049352695427,0.8314600949984706,0.8294060588055105,0.810559748480696,0.8154182468945508,0.8327783433463948
494,2024-05-18 03:30:00,0.8378049352695427,0.8314600949984706,0.8294060588055105,0.810559748480696,0.8154182468945508,0.8327783433463948
495,2024-05-18 03:45:00,0.8378049352695427,0.8314600949984706,0.8294060588055105,0.810559748480696,0.8154182468945508,0.8327783433463948
496,2024-05-18 04:00:00,0.8378049352695427,0.8314600949984706,0.8294060588055105,0.810559748480696,0.8154182468945508,0.8327783433463948
497,2024-05-18 04:15:00,0.8378049352695427,0.8314600949984706,0.8294060588055105,0.810559748480696,0.8154182468945508,0.8327783433463948
498,2024-05-18 04:30:00,0.8378049352695427,0.8314600949984706,0.8294060588055105,0.810559748480696,0.8154182468945508,0.8327783433463948
499,2024-05-18 04:45:00,0.8378049352695427,0.8314600949984706,0.8294060588055105,0.810559748480696,0.8154182468945508,0.8327783433463948
500,2024-05-18 05:00:00,0.8378049352695427,0.8314600949984706,0.8294060588055105,0.810559748480696,0.8154182468945508,0.8327783433463948
501,2024-05-18 05:15:00,0.8378049352695427,0.8314600949984706,0.8294060588055105,0.810559748480696,0.8154182468945508,0.8327783433463948
502,2024-05-18 05:30:00,0.8378049352695427,0.8314600949984706,0.8294060588055105,0.810559748480696,0.8154182468945508,0.8327783433463948
503,2024-05-18 05:45:00,0.8378049352695427,0.8314600949984706,0.8294060588055105,0.810559748480696,0.8154182468945508,0.8327783433463948
504,2024-05-18 06:00:00,0.8378049352695427,0.8314600949984706,0.8294060588055105,0.810559748480696,0.8154182468945508,0.8327783433463948
505,2024-05-18 06:15:00,0.8378049352695427,0.8314600949984706,0.8294060588055105,0.810559748480696,0.8154182468945508,0.8327783433463948
506,2024-05-18 06:30:00,0.8378049352695427,0.8314600949984706,0.8294060588055105,0.810559748480696,0.8154182468945508,0.8327783433463948
507,2024-05-18 06:45:00,0.8378049352695427,0.8314600949984706,0.8294060588055105,0.810559748480696,0.8154182468945508,0.8327783433463948
508,2024-05-18 07:00:00,0.8378049352695427,0.8314600949984706,0.8294060588055105,0.810559748480696,0.8154182468945508,0.8327783433463948
509,2024-05-18 07:15:00,0.8378049352695427,0.8314600949984706,0.8294060588055105,0.810559748480696,0.8154182468945508,0.8327783433463948
510,2024-05-18 07:30:00,0.8378049352695427,0.828694019183877,0.8294060588055105,0.810559748480696,0.8154182468945508,0.8327783433463948
511,2024-05-18 07:45:00,0.8378049352695427,0.8259279433692832,0.8294060588055105,0.810559748480696,0.8154182468945508,0.8327783433463948
512,2024-05-18 08:00:00,0.8346043467502594,0.8231618675546895,0.8294060588055105,0.810559748480696,0.8154182468945508,0.8327783433463948
513,2024-05-18 08:15:00,0.8314037582309761,0.8203957917400958,0.8294060588055105,0.810559748480696,0.8154182468945508,0.8327783433463948
514,2024-05-18 08:30:00,0.8282031697116929,0.8176297159255022,0.8227040588055106,0.810559748480696,0.8154182468945508,0.8327783433463948
515,2024-05-18 08:45:00,0.8250025811924097,0.8148636401109084,0.8160020588055106,0.810559748480696,0.8154182468945508,0.8327783433463948
516,2024-05-18 09:00:00,0.8218019926731264,0.8120975642963146,0.8093000588055106,0.810559748480696,0.8154182468945508,0.8327783433463948
517,2024-05-18 09:15:00,0.8186014041538431,0.809331488481721,0.8025980588055106,0.810559748480696,0.8154182468945508,0.8327783433463948
518,2024-05-18 09:30:00,0.8154008156345598,0.8065654126671273,0.7958960588055105,0.810559748480696,0.8154182468945508,0.8327783433463948
519,2024-05-18 09:45:00,0.8122002271152765,0.8037993368525336,0.7891940588055105,0.810559748480696,0.8154182468945508,0.8327783433463948
520,2024-05-18 10:00:00,0.8089996385959932,0.8010332610379398,0.7824920588055105,0.810559748480696,0.8154182468945508,0.8327783433463948
521,2024-05-18 10:15:00,0.80579905007671,0.7982671852233462,0.7757900588055106,0.810559748480696,0.8154182468945508,0.8327783433463948
522,2024-05-18 10:30:00,0.8025984615574268,0.7955011094087525,0.7690880588055106,0.810559748480696,0.8154182468945508,0.8327783433463948
523,2024-05-18 10:45:00,0.7993978730381435,0.7927350335941588,0.7623860588055106,0.810559748480696,0.8154182468945508,0.8327783433463948
524,2024-05-18 11:00:00,0.7961972845188602,0.789968957779565,0.7556840588055106,0.810559748480696,0.8154182468945508,0.8327783433463948
525,2024-05-18 11:15:00,0.7929966959995769,0.7872028819649713,0.7489820588055105,0.810559748480696,0.8154182468945508,0.8327783433463948
526,2024-05-18 11:30:00,0.7897961074802937,0.7844368061503777,0.7422800588055105,0.810559748480696,0.8154182468945508,0.8327783433463948
527,2024-05-18 11:45:00,0.7865955189610104,0.7816707303357839,0.7355780588055105,0.810559748480696,0.8154182468945508,0.8327783433463948
528,2024-05-18 12:00:00,0.7833949304417271,0.7789046545211902,0.7288760588055105,0.810559748480696,0.8154182468945508,0.8327783433463948
529,2024-05-18 12:15:00,0.7801943419224439,0.7761385787065965,0.7221740588055106,0.810559748480696,0.8154182468945508,0.8327783433463948
530,2024-05-18 12:30:00,0.7769937534031606,0.7733725028920029,0.7154720588055106,0.810559748480696,0.8154182468945508,0.8327783433463948
531,2024-05-18 12:45:00,0.7737931648838773,0.7706064270774091,0.7087700588055106,0.810559748480696,0.8154182468945508,0.8327783433463948
532,2024-05-18 13:00:00,0.770592576364594,0.7678403512628154,0.7020680588055106,0.810559748480696,0.8154182468945508,0.8327783433463948
533,2024-05-18 13:15:00,0.7673919878453108,0.7650742754482217,0.6953660588055106,0.810559748480696,0.8154182468945508,0.8327783433463948
534,2024-05-18 13:30:00,0.7641913993260275,0.7623081996336281,0.6886640588055106,0.810559748480696,0.8154182468945508,0.8327783433463948
535,2024-05-18 13:45:00,0.7609908108067442,0.7595421238190343,0.6819620588055105,0.810559748480696,0.8154182468945508,0.8327783433463948
536,2024-05-18 14:00:00,0.757790222287461,0.7567760480044405,0.6752600588055105,0.810559748480696,0.8154182468945508,0.8327783433463948
537,2024-05-18 14:15:00,0.7545896337681777,0.7540099721898469,0.6685580588055106,0.810559748480696,0.8154182468945508,0.8327783433463948
538,2024-05-18 14:30:00,0.7513890452488945,0.7512438963752532,0.6618560588055106,0.810559748480696,0.8154182468945508,0.8327783433463948
539,2024-05-18 14:45:00,0.7481884567296112,0.7484778205606595,0.6551540588055106,0.810559748480696,0.8154182468945508,0.8327783433463948
540,2024-05-18 15:00:00,0.7449878682103279,0.7457117447460657,0.6484520588055105,0.810559748480696,0.8154182468945508,0.8327783433463948
541,2024-05-18 15:15:00,0.7417872796910446,0.7429456689314721,0.6417500588055105,0.810559748480696,0.8154182468945508,0.8327783433463948
542,2024-05-18 15:30:00,0.7385866911717613,0.8474456440167305,0.6350480588055105,0.810559748480696,0.8154182468945508,0.8327783433463948
543,2024-05-18 15:45:00,0.7353861026524781,0.8474456440167305,0.6283460588055105,0.810559748480696,0.8154182468945508,0.8327783433463948
544,2024-05-18 16:00:00,0.7321855141331948,0.8474456440167305,0.6216440588055105,0.810559748480696,0.8154182468945508,0.8327783433463948
545,2024-05-18 16:15:00,0.7289849256139116,0.8474456440167305,0.6149420588055106,0.810559748480696,0.8154182468945508,0.8327783433463948
546,2024-05-18 16:30:00,0.7257843370946283,0.8474456440167305,0.719442033890769,0.810559748480696,0.8154182468945508,0.8327783433463948
547,2024-05-18 16:45:00,0.722583748575345,0.8474456440167305,0.8239420089760274,0.810559748480696,0.8154182468945508,0.8327783433463948
548,2024-05-18 17:00:00,0.8270837236606035,0.8474456440167305,0.8239420089760274,0.810559748480696,0.8154182468945508,0.8327783433463948
549,2024-05-18 17:15:00,0.8270837236606035,0.8474456440167305,0.8239420089760274,0.810559748480696,0.8154182468945508,0.8327783433463948
550,2024-05-18 17:30:00,0.8270837236606035,0.8474456440167305,0.8239420089760274,0.810559748480696,0.8154182468945508,0.8327783433463948
551,2024-05-18 17:45:00,0.8270837236606035,0.8474456440167305,0.8239420089760274,0.810559748480696,0.8154182468945508,0.8327783433463948
552,2024-05-18 18:00:00,0.8270837236606035,0.8474456440167305,0.8239420089760274,0.810559748480696,0.8154182468945508,0.8327783433463948
553,2024-05-18 18:15:00,0.8270837236606035,0.8474456440167305,0.8239420089760274,0.810559748480696,0.8154182468945508,0.8327783433463948
554,2024-05-18 18:30:00,0.8270837236606035,0.8474456440167305,0.8239420089760274,0.810559748480696,0.8154182468945508,0.8327783433463948
555,2024-05-18 18:45:00,0.8270837236606035,0.8474456440167305,0.8239420089760274,0.810559748480696,0.8154182468945508,0.8327783433463948
556,2024-05-18 19:00:00,0.8270837236606035,0.8474456440167305,0.8239420089760274,0.810559748480696,0.8154182468945508,0.8327783433463948
557,2024-05-18 19:15:00,0.8270837236606035,0.8474456440167305,0.8239420089760274,0.810559748480696,0.8154182468945508,0.8327783433463948
558,2024-05-18 19:30:00,0.8270837236606035,0.8474456440167305,0.8239420089760274,0.810559748480696,0.8154182468945508,0.8327783433463948
559,2024-05-18 19:45:00,0.8270837236606035,0.8474456440167305,0.8239420089760274,0.810559748480696,0.8154182468945508,0.8327783433463948
560,2024-05-18 20:00:00,0.8270837236606035,0.8474456440167305,0.8239420089760274,0.810559748480696,0.8154182468945508,0.8327783433463948
561,2024-05-18 20:15:00,0.8270837236606035,0.8474456440167305,0.8239420089760274,0.810559748480696,0.8154182468945508,0.8327783433463948
562,2024-05-18 20:30:00,0.8270837236606035,0.8474456440167305,0.8239420089760274,0.810559748480696,0.8154182468945508,0.8327783433463948
563,2024-05-18 20:45:00,0.8270837236606035,0.8474456440167305,0.8239420089760274,0.810559748480696,0.8154182468945508,0.8327783433463948
564,2024-05-18 21:00:00,0.8270837236606035,0.8474456440167305,0.8239420089760274,0.810559748480696,0.8154182468945508,0.8327783433463948
565,2024-05-18 21:15:00,0.8270837236606035,0.8474456440167305,0.8239420089760274,0.810559748480696,0.8154182468945508,0.8327783433463948
566,2024-05-18 21:30:00,0.8270837236606035,0.8474456440167305,0.8239420089760274,0.810559748480696,0.8154182468945508,0.8327783433463948
567,2024-05-18 21:45:00,0.8270837236606035,0.8474456440167305,0.8239420089760274,0.810559748480696,0.8154182468945508,0.8327783433463948
568,2024-05-18 22:00:00,0.8270837236606035,0.8474456440167305,0.8239420089760274,0.810559748480696,0.8154182468945508,0.8327783433463948
569,2024-05-18 22:15:00,0.8270837236606035,0.8474456440167305,0.8239420089760274,0.810559748480696,0.8154182468945508,0.8327783433463948
570,2024-05-18 22:30:00,0.8270837236606035,0.8474456440167305,0.8239420089760274,0.810559748480696,0.8154182468945508,0.8327783433463948
571,2024-05-18 22:45:00,0.8270837236606035,0.8474456440167305,0.8239420089760274,0.810559748480696,0.8154182468945508,0.8327783433463948
572,2024-05-18 23:00:00,0.8270837236606035,0.8474456440167305,0.8239420089760274,0.810559748480696,0.8154182468945508,0.8327783433463948
573,2024-05-18 23:15:00,0.8270837236606035,0.8474456440167305,0.8239420089760274,0.810559748480696,0.8154182468945508,0.8327783433463948
574,2024-05-18 23:30:00,0.8270837236606035,0.8474456440167305,0.8239420089760274,0.810559748480696,0.8154182468945508,0.8327783433463948
575,2024-05-18 23:45:00,0.8270837236606035,0.8474456440167305,0.8239420089760274,0.810559748480696,0.8154182468945508,0.8327783433463948
576,2024-05-19 00:00:00,0.8270837236606035,0.8474456440167305,0.8239420089760274,0.810559748480696,0.8154182468945508,0.8327783433463948
577,2024-05-19 00:15:00,0.8270837236606035,0.8474456440167305,0.8239420089760274,0.810559748480696,0.8154182468945508,0.8327783433463948
578,2024-05-19 00:30:00,0.8270837236606035,0.8474456440167305,0.8239420089760274,0.810559748480696,0.8154182468945508,0.8327783433463948
579,2024-05-19 00:45:00,0.8270837236606035,0.8474456440167305,0.8239420089760274,0.810559748480696,0.8154182468945508,0.8327783433463948
580,2024-05-19 01:00:00,0.8270837236606035,0.8474456440167305,0.8239420089760274,0.810559748480696,0.8154182468945508,0.8327783433463948
581,2024-05-19 01:15:00,0.8270837236606035,0.8474456440167305,0.8239420089760274,0.810559748480696,0.8154182468945508,0.8327783433463948
582,2024-05-19 01:30:00,0.8270837236606035,0.8474456440167305,0.8239420089760274,0.810559748480696,0.8154182468945508,0.8327783433463948
583,2024-05-19 01:45:00,0.8270837236606035,0.8474456440167305,0.8239420089760274,0.810559748480696,0.8154182468945508,0.8327783433463948
584,2024-05-19 02:00:00,0.8270837236606035,0.8474456440167305,0.8239420089760274,0.810559748480696,0.8154182468945508,0.8327783433463948
585,2024-05-19 02:15:00,0.8270837236606035,0.8474456440167305,0.8239420089760274,0.810559748480696,0.8154182468945508,0.8327783433463948
586,2024-05-19 02:30:00,0.8270837236606035,0.8474456440167305,0.8239420089760274,0.810559748480696,0.8154182468945508,0.8327783433463948
587,2024-05-19 02:45:00,0.8270837236606035,0.8474456440167305,0.8239420089760274,0.810559748480696,0.8154182468945508,0.8327783433463948
588,2024-05-19 03:00:00,0.8270837236606035,0.8474456440167305,0.8239420089760274,0.810559748480696,0.8154182468945508,0.8327783433463948
589,2024-05-19 03:15:00,0.8270837236606035,0.8474456440167305,0.8239420089760274,0.810559748480696,0.8154182468945508,0.8327783433463948
590,2024-05-19 03:30:00,0.8270837236606035,0.8474456440167305,0.8239420089760274,0.810559748480696,0.8154182468945508,0.8327783433463948
591,2024-05-19 03:45:00,0.8270837236606035,0.8474456440167305,0.8239420089760274,0.810559748480696,0.8154182468945508,0.8327783433463948
592,2024-05-19 04:00:00,0.8270837236606035,0.8474456440167305,0.8239420089760274,0.810559748480696,0.8154182468945508,0.8327783433463948
593,2024-05-19 04:15:00,0.8270837236606035,0.8474456440167305,0.8239420089760274,0.810559748480696,0.8154182468945508,0.8327783433463948
594,2024-05-19 04:30:00,0.8270837236606035,0.8474456440167305,0.8239420089760274,0.810559748480696,0.8154182468945508,0.8327783433463948
595,2024-05-19 04:45:00,0.8270837236606035,0.8474456440167305,0.8239420089760274,0.810559748480696,0.8154182468945508,0.8327783433463948
596,2024-05-19 05:00:00,0.8270837236606035,0.8474456440167305,0.8239420089760274,0.810559748480696,0.8154182468945508,0.8327783433463948
597,2024-05-19 05:15:00,0.8270837236606035,0.8474456440167305,0.8239420089760274,0.810559748480696,0.8154182468945508,0.8327783433463948
598,2024-05-19 05:30:00,0.8270837236606035,0.8474456440167305,0.8239420089760274,0.810559748480696,0.8154182468945508,0.8327783433463948
599,2024-05-19 05:45:00,0.8270837236606035,0.8474456440167305,0.8239420089760274,0.810559748480696,0.8154182468945508,0.8327783433463948
600,2024-05-19 06:00:00,0.8270837236606035,0.8474456440167305,0.8239420089760274,0.810559748480696,0.8154182468945508,0.8327783433463948
601,2024-05-19 06:15:00,0.8270837236606035,0.8474456440167305,0.8239420089760274,0.810559748480696,0.8154182468945508,0.8327783433463948
602,2024-05-19 06:30:00,0.8270837236606035,0.8474456440167305,0.8239420089760274,0.810559748480696,0.8154182468945508,0.8327783433463948
603,2024-05-19 06:45:00,0.8270837236606035,0.8474456440167305,0.8239420089760274,0.810559748480696,0.8154182468945508,0.8327783433463948
604,2024-05-19 07:00:00,0.8270837236606035,0.8474456440167305,0.8239420089760274,0.810559748480696,0.8154182468945508,0.8327783433463948
605,2024-05-19 07:15:00,0.8270837236606035,0.8474456440167305,0.8239420089760274,0.810559748480696,0.8154182468945508,0.8327783433463948
606,2024-05-19 07:30:00,0.8270837236606035,0.8474456440167305,0.8239420089760274,0.810559748480696,0.8154182468945508,0.8327783433463948
607,2024-05-19 07:45:00,0.8270837236606035,0.8452672440167305,0.8239420089760274,0.810559748480696,0.8154182468945508,0.8327783433463948
608,2024-05-19 08:00:00,0.8270837236606035,0.8430888440167305,0.8239420089760274,0.810559748480696,0.8154182468945508,0.8327783433463948
609,2024-05-19 08:15:00,0.8270837236606035,0.8409104440167305,0.8239420089760274,0.810559748480696,0.8154182468945508,0.8327783433463948
610,2024-05-19 08:30:00,0.8270837236606035,0.8387320440167305,0.8239420089760274,0.810559748480696,0.8154182468945508,0.8327783433463948
611,2024-05-19 08:45:00,0.8217632584157483,0.8365536440167305,0.8206581326977592,0.810559748480696,0.8154182468945508,0.8327783433463948
612,2024-05-19 09:00:00,0.8164427931708931,0.8343752440167305,0.8173742564194909,0.810559748480696,0.8154182468945508,0.8327783433463948
613,2024-05-19 09:15:00,0.8111223279260378,0.8321968440167306,0.8140903801412227,0.810559748480696,0.8154182468945508,0.8327783433463948
614,2024-05-19 09:30:00,0.8058018626811826,0.8300184440167305,0.8108065038629544,0.810559748480696,0.8154182468945508,0.8327783433463948
615,2024-05-19 09:45:00,0.8004813974363274,0.8278400440167305,0.8075226275846862,0.810559748480696,0.8154182468945508,0.8327783433463948
616,2024-05-19 10:00:00,0.7951609321914722,0.8256616440167305,0.8042387513064179,0.810559748480696,0.8154182468945508,0.8327783433463948
617,2024-05-19 10:15:00,0.789840466946617,0.8234832440167306,0.8009548750281497,0.810559748480696,0.8154182468945508,0.8327783433463948
618,2024-05-19 10:30:00,0.7845200017017618,0.8213048440167305,0.7976709987498813,0.810559748480696,0.8154182468945508,0.8327783433463948
619,2024-05-19 10:45:00,0.7791995364569065,0.8191264440167305,0.7943871224716131,0.810559748480696,0.8154182468945508,0.8327783433463948
620,2024-05-19 11:00:00,0.7738790712120514,0.8169480440167305,0.7911032461933449,0.810559748480696,0.8154182468945508,0.8327783433463948
621,2024-05-19 11:15:00,0.7685586059671962,0.8147696440167305,0.7878193699150766,0.810559748480696,0.8154182468945508,0.8327783433463948
622,2024-05-19 11:30:00,0.763238140722341,0.8125912440167306,0.7845354936368084,0.810559748480696,0.8154182468945508,0.8327783433463948
623,2024-05-19 11:45:00,0.7579176754774858,0.8104128440167305,0.7812516173585401,0.810559748480696,0.8154182468945508,0.8327783433463948
624,2024-05-19 12:00:00,0.7525972102326306,0.8082344440167305,0.7779677410802719,0.810559748480696,0.8154182468945508,0.8327783433463948
625,2024-05-19 12:15:00,0.7472767449877753,0.8060560440167305,0.7746838648020036,0.810559748480696,0.8154182468945508,0.8327783433463948
626,2024-05-19 12:30:00,0.7419562797429201,0.8038776440167306,0.7713999885237354,0.810559748480696,0.8154182468945508,0.8327783433463948
627,2024-05-19 12:45:00,0.7366358144980649,0.8016992440167305,0.768116112245467,0.810559748480696,0.8154182468945508,0.8327783433463948
628,2024-05-19 13:00:00,0.7313153492532097,0.7995208440167305,0.7648322359671988,0.810559748480696,0.8154182468945508,0.8327783433463948
629,2024-05-19 13:15:00,0.7259948840083545,0.7973424440167305,0.7615483596889306,0.810559748480696,0.8154182468945508,0.8327783433463948
630,2024-05-19 13:30:00,0.7206744187634992,0.7951640440167305,0.7582644834106623,0.810559748480696,0.8154182468945508,0.8327783433463948
631,2024-05-19 13:45:00,0.7153539535186441,0.7929856440167306,0.7549806071323941,0.810559748480696,0.8154182468945508,0.8327783433463948
632,2024-05-19 14:00:00,0.7100334882737889,0.7908072440167305,0.7516967308541258,0.810559748480696,0.8154182468945508,0.8327783433463948
633,2024-05-19 14:15:00,0.7047130230289337,0.7886288440167305,0.7484128545758576,0.810559748480696,0.8154182468945508,0.8327783433463948
634,2024-05-19 14:30:00,0.6993925577840785,0.7864504440167305,0.7451289782975893,0.810559748480696,0.8154182468945508,0.8327783433463948
635,2024-05-19 14:45:00,0.6940720925392232,0.7842720440167306,0.7418451020193211,0.810559748480696,0.8154182468945508,0.8327783433463948
636,2024-05-19 15:00:00,0.688751627294368,0.7820936440167305,0.7385612257410528,0.810559748480696,0.8154182468945508,0.8327783433463948
637,2024-05-19 15:15:00,0.6834311620495128,0.7799152440167305,0.7352773494627846,0.810559748480696,0.8154182468945508,0.8327783433463948
638,2024-05-19 15:30:00,0.6781106968046576,0.7777368440167305,0.8397773245480431,0.810559748480696,0.8154182468945508,0.8327783433463948
639,2024-05-19 15:45:00,0.6727902315598024,0.7755584440167305,0.8397773245480431,0.810559748480696,0.8154182468945508,0.8327783433463948
640,2024-05-19 16:00:00,0.6674697663149471,0.7733800440167306,0.8397773245480431,0.810559748480696,0.8154182468945508,0.8327783433463948
641,2024-05-19 16:15:00,0.6621493010700921,0.7712016440167305,0.8397773245480431,0.810559748480696,0.8154182468945508,0.8327783433463948
642,2024-05-19 16:30:00,0.6568288358252368,0.7690232440167305,0.8397773245480431,0.810559748480696,0.8154182468945508,0.8327783433463948
643,2024-05-19 16:45:00,0.6515083705803816,0.7668448440167305,0.8397773245480431,0.810559748480696,0.8154182468945508,0.8327783433463948
644,2024-05-19 17:00:00,0.7560083456656401,0.7646664440167306,0.8397773245480431,0.810559748480696,0.8154182468945508,0.8327783433463948
645,2024-05-19 17:15:00,0.8605083207508987,0.7624880440167305,0.8397773245480431,0.810559748480696,0.8154182468945508,0.8327783433463948
646,2024-05-19 17:30:00,0.8605083207508987,0.7603096440167305,0.8397773245480431,0.810559748480696,0.8154182468945508,0.8327783433463948
647,2024-05-19 17:45:00,0.8605083207508987,0.864809619101989,0.8397773245480431,0.810559748480696,0.8154182468945508,0.8327783433463948
648,2024-05-19 18:00:00,0.8605083207508987,0.864809619101989,0.8397773245480431,0.810559748480696,0.8154182468945508,0.8327783433463948
649,2024-05-19 18:15:00,0.8605083207508987,0.864809619101989,0.8397773245480431,0.810559748480696,0.8154182468945508,0.8327783433463948
650,2024-05-19 18:30:00,0.8605083207508987,0.864809619101989,0.8397773245480431,0.810559748480696,0.8154182468945508,0.8327783433463948
651,2024-05-19 18:45:00,0.8605083207508987,0.864809619101989,0.8397773245480431,0.810559748480696,0.8154182468945508,0.8327783433463948
652,2024-05-19 19:00:00,0.8605083207508987,0.864809619101989,0.8397773245480431,0.810559748480696,0.8154182468945508,0.8327783433463948
653,2024-05-19 19:15:00,0.8605083207508987,0.864809619101989,0.8397773245480431,0.810559748480696,0.8154182468945508,0.8327783433463948
654,2024-05-19 19:30:00,0.8605083207508987,0.864809619101989,0.8397773245480431,0.810559748480696,0.8154182468945508,0.8327783433463948
655,2024-05-19 19:45:00,0.8605083207508987,0.864809619101989,0.8397773245480431,0.810559748480696,0.8154182468945508,0.8327783433463948
656,2024-05-19 20:00:00,0.8605083207508987,0.864809619101989,0.8397773245480431,0.810559748480696,0.8154182468945508,0.8327783433463948
657,2024-05-19 20:15:00,0.8605083207508987,0.864809619101989,0.8397773245480431,0.810559748480696,0.8154182468945508,0.8327783433463948
658,2024-05-19 20:30:00,0.8605083207508987,0.864809619101989,0.8397773245480431,0.810559748480696,0.8154182468945508,0.8327783433463948
659,2024-05-19 20:45:00,0.8605083207508987,0.864809619101989,0.8397773245480431,0.810559748480696,0.8154182468945508,0.8327783433463948
660,2024-05-19 21:00:00,0.8605083207508987,0.864809619101989,0.8397773245480431,0.810559748480696,0.8154182468945508,0.8327783433463948
661,2024-05-19 21:15:00,0.8605083207508987,0.864809619101989,0.8397773245480431,0.810559748480696,0.8154182468945508,0.8327783433463948
662,2024-05-19 21:30:00,0.8605083207508987,0.864809619101989,0.8397773245480431,0.810559748480696,0.8154182468945508,0.8327783433463948
663,2024-05-19 21:45:00,0.8605083207508987,0.864809619101989,0.8397773245480431,0.810559748480696,0.8154182468945508,0.8327783433463948
664,2024-05-19 22:00:00,0.8605083207508987,0.864809619101989,0.8397773245480431,0.810559748480696,0.8154182468945508,0.8327783433463948
665,2024-05-19 22:15:00,0.8605083207508987,0.864809619101989,0.8397773245480431,0.810559748480696,0.8154182468945508,0.8327783433463948
666,2024-05-19 22:30:00,0.8605083207508987,0.864809619101989,0.8397773245480431,0.810559748480696,0.8154182468945508,0.8327783433463948
667,2024-05-19 22:45:00,0.8605083207508987,0.864809619101989,0.8397773245480431,0.810559748480696,0.8154182468945508,0.8327783433463948
668,2024-05-19 23:00:00,0.8605083207508987,0.864809619101989,0.8397773245480431,0.810559748480696,0.8154182468945508,0.8327783433463948
669,2024-05-19 23:15:00,0.8605083207508987,0.864809619101989,0.8397773245480431,0.810559748480696,0.8154182468945508,0.8327783433463948
670,2024-05-19 23:30:00,0.8605083207508987,0.864809619101989,0.8397773245480431,0.810559748480696,0.8154182468945508,0.8327783433463948
671,2024-05-19 23:45:00,0.8605083207508987,0.864809619101989,0.8397773245480431,0.810559748480696,0.8154182468945508,0.8327783433463948