timestep,time,price [EUR/kWh],grid supply [kW],fixed load [kW],battery power [kW],bat. stored energy [kWh],flex band min [kW],flex band base [kW],flex band max [kW],battery feed-in [kW],sum CS power [kW],# occupied CS [-],# CS in use [-],CS_golf_0 [kW],CS_golf_1 [kW],CS_golf_2 [kW],CS_sprinter_0 [kW],CS_sprinter_1 [kW],CS_sprinter_2 [kW]
0,2024-05-13 00:00:00,84.9,-0.0,0,0,0.0,0.0,0,100.0,0.0,0.0,6,0,0.0,0.0,0.0,0.0,0.0,0.0
1,2024-05-13 00:15:00,66.95,-0.0,0,0,0.0,-50.0,0,100.0,0.0,0.0,6,0,0.0,0.0,0.0,0.0,0.0,0.0
2,2024-05-13 00:30:00,26.89,-0.0,0,0,0.0,-50.0,0,100.0,0.0,0.0,6,0,0.0,0.0,0.0,0.0,0.0,0.0
3,2024-05-13 00:45:00,10.1,-0.0,0,0,0.0,-50.0,0,100.0,0.0,0.0,6,0,0.0,0.0,0.0,0.0,0.0,0.0
4,2024-05-13 01:00:00,25.1,-0.0,0,0,0.0,-50.0,0,100.0,0.0,0.0,6,0,0.0,0.0,0.0,0.0,0.0,0.0
5,2024-05-13 01:15:00,58.58,-0.0,0,0,0.0,-50.0,0,100.0,0.0,0.0,6,0,0.0,0.0,0.0,0.0,0.0,0.0
6,2024-05-13 01:30:00,40.53,-0.0,0,0,0.0,-50.0,0,100.0,0.0,0.0,6,0,0.0,0.0,0.0,0.0,0.0,0.0
7,2024-05-13 01:45:00,58.66,-0.0,0,0,0.0,-50.0,0,100.0,0.0,0.0,6,0,0.0,0.0,0.0,0.0,0.0,0.0
8,2024-05-13 02:00:00,15.09,-0.0,0,0,0.0,-50.0,0,100.0,0.0,0.0,6,0,0.0,0.0,0.0,0.0,0.0,0.0
9,2024-05-13 02:15:00,54.94,-0.0,0,0,0.0,-50.0,0,100.0,0.0,0.0,6,0,0.0,0.0,0.0,0.0,0.0,0.0
10,2024-05-13 02:30:00,55.83,-0.0,0,0,0.0,-50.0,0,100.0,0.0,0.0,6,0,0.0,0.0,0.0,0.0,0.0,0.0
11,2024-05-13 02:45:00,40.93,-0.0,0,0,0.0,-50.0,0,100.0,0.0,0.0,6,0,0.0,0.0,0.0,0.0,0.0,0.0
12,2024-05-13 03:00:00,11.41,-0.0,0,0,0.0,-50.0,0,100.0,0.0,0.0,6,0,0.0,0.0,0.0,0.0,0.0,0.0
13,2024-05-13 03:15:00,64.91,-0.0,0,0,0.0,-50.0,0,100.0,0.0,0.0,6,0,0.0,0.0,0.0,0.0,0.0,0.0
14,2024-05-13 03:30:00,69.9,-0.0,0,0,0.0,-50.0,0,100.0,0.0,0.0,6,0,0.0,0.0,0.0,0.0,0.0,0.0
15,2024-05-13 03:45:00,20.1,-0.0,0,0,0.0,-50.0,0,100.0,0.0,0.0,6,0,0.0,0.0,0.0,0.0,0.0,0.0
16,2024-05-13 04:00:00,5.47,-0.0,0,0,0.0,-50.0,0,100.0,0.0,0.0,6,0,0.0,0.0,0.0,0.0,0.0,0.0
17,2024-05-13 04:15:00,10.1,-0.0,0,0,0.0,-50.0,0,100.0,0.0,0.0,6,0,0.0,0.0,0.0,0.0,0.0,0.0
18,2024-05-13 04:30:00,79.9,-0.0,0,0,0.0,-50.0,0,100.0,0.0,0.0,6,0,0.0,0.0,0.0,0.0,0.0,0.0
19,2024-05-13 04:45:00,94.92,-0.0,0,0,0.0,-50.0,0,100.0,0.0,0.0,6,0,0.0,0.0,0.0,0.0,0.0,0.0
20,2024-05-13 05:00:00,10.02,-0.0,0,0,0.0,-50.0,0,100.0,0.0,0.0,6,0,0.0,0.0,0.0,0.0,0.0,0.0
21,2024-05-13 05:15:00,25.04,-0.0,0,0,0.0,-50.0,0,100.0,0.0,0.0,6,0,0.0,0.0,0.0,0.0,0.0,0.0
22,2024-05-13 05:30:00,94.9,-0.0,0,0,0.0,-50.0,0,100.0,0.0,0.0,6,0,0.0,0.0,0.0,0.0,0.0,0.0
23,2024-05-13 05:45:00,133.21,-0.0,0,0,0.0,-50.0,0,100.0,0.0,0.0,6,0,0.0,0.0,0.0,0.0,0.0,0.0
24,2024-05-13 06:00:00,94.91,-0.0,0,0,0.0,-50.0,0,100.0,0.0,0.0,6,0,0.0,0.0,0.0,0.0,0.0,0.0
25,2024-05-13 06:15:00,99.91,-0.0,0,0,0.0,-50.0,0,100.0,0.0,0.0,6,0,0.0,0.0,0.0,0.0,0.0,0.0
26,2024-05-13 06:30:00,91.93,-0.0,0,0,0.0,-50.0,0,100.0,0.0,0.0,6,0,0.0,0.0,0.0,0.0,0.0,0.0
27,2024-05-13 06:45:00,65.09,-0.0,0,0,0.0,-50.0,0,100.0,0.0,0.0,6,0,0.0,0.0,0.0,0.0,0.0,0.0
28,2024-05-13 07:00:00,139.95,-0.0,0,0,0.0,-50.0,0,100.0,0.0,0.0,6,0,0.0,0.0,0.0,0.0,0.0,0.0
29,2024-05-13 07:15:00,114.93,-0.0,0,0,0.0,-50.0,0,100.0,0.0,0.0,6,0,0.0,0.0,0.0,0.0,0.0,0.0
30,2024-05-13 07:30:00,94.91,-0.0,0,0,0.0,-50.0,0,100.0,0.0,0.0,6,0,0.0,0.0,0.0,0.0,0.0,0.0
31,2024-05-13 07:45:00,41.76,-0.0,0,0,0.0,-50.0,0,100.0,0.0,0.0,6,0,0.0,0.0,0.0,0.0,0.0,0.0
32,2024-05-13 08:00:00,144.93,-0.0,0,0,0.0,-50.0,0,100.0,0.0,0.0,4,0,0.0,0,0,0.0,0.0,0.0
33,2024-05-13 08:15:00,109.91,-0.0,0,0,0.0,-50.0,0,94,0.0,0.0,3,0,0.0,0,0,0.0,0,0.0
34,2024-05-13 08:30:00,64.72,-0.0,0,0,0.0,-50.0,0,72,0.0,0.0,1,0,0.0,0,0,0,0,0
35,2024-05-13 08:45:00,-19.92,-0.0,0,0,0.0,-50.0,0,72,0.0,0.0,1,0,0.0,0,0,0,0,0
36,2024-05-13 09:00:00,114.91,0,0,0,0.0,-50.0,0,50,0,0,0,0,0,0,0,0,0,0
37,2024-05-13 09:15:00,84.91,0,0,0,0.0,-50.0,0,50,0,0,0,0,0,0,0,0,0,0
38,2024-05-13 09:30:00,47.28,0,0,0,0.0,-50.0,0,50,0,0,0,0,0,0,0,0,0,0
39,2024-05-13 09:45:00,19.9,0,0,0,0.0,-50.0,0,50,0,0,0,0,0,0,0,0,0,0
40,2024-05-13 10:00:00,79.95,0,0,0,0.0,-50.0,0,50,0,0,0,0,0,0,0,0,0,0
41,2024-05-13 10:15:00,59.93,0,0,0,0.0,-50.0,0,50,0,0,0,0,0,0,0,0,0,0
42,2024-05-13 10:30:00,39.93,0,0,0,0.0,-50.0,0,50,0,0,0,0,0,0,0,0,0,0
43,2024-05-13 10:45:00,-0.18,0,0,0,0.0,-50.0,0,50,0,0,0,0,0,0,0,0,0,0
44,2024-05-13 11:00:00,54.92,0,0,0,0.0,-50.0,0,50,0,0,0,0,0,0,0,0,0,0
45,2024-05-13 11:15:00,-7.39,0,0,0,0.0,-50.0,0,50,0,0,0,0,0,0,0,0,0,0
46,2024-05-13 11:30:00,34.92,0,0,0,0.0,-50.0,0,50,0,0,0,0,0,0,0,0,0,0
47,2024-05-13 11:45:00,24.94,0,0,0,0.0,-50.0,0,50,0,0,0,0,0,0,0,0,0,0
48,2024-05-13 12:00:00,34.91,0,0,0,0.0,-50.0,0,50,0,0,0,0,0,0,0,0,0,0
49,2024-05-13 12:15:00,-19.91,0,0,0,0.0,-50.0,0,50,0,0,0,0,0,0,0,0,0,0
50,2024-05-13 12:30:00,24.49,0,0,0,0.0,-50.0,0,50,0,0,0,0,0,0,0,0,0,0
51,2024-05-13 12:45:00,34.91,0,0,0,0.0,-50.0,0,50,0,0,0,0,0,0,0,0,0,0
52,2024-05-13 13:00:00,-29.91,0,0,0,0.0,-50.0,0,50,0,0,0,0,0,0,0,0,0,0
53,2024-05-13 13:15:00,29.9,0,0,0,0.0,-50.0,0,50,0,0,0,0,0,0,0,0,0,0
54,2024-05-13 13:30:00,22.1,0,0,0,0.0,-50.0,0,50,0,0,0,0,0,0,0,0,0,0
55,2024-05-13 13:45:00,-4.9,0,0,0,0.0,-50.0,0,50,0,0,0,0,0,0,0,0,0,0
56,2024-05-13 14:00:00,19.96,0,0,0,0.0,-50.0,0,50,0,0,0,0,0,0,0,0,0,0
57,2024-05-13 14:15:00,1.73,-22.0,0,0,0.0,-50.0,0,72,0,22.0,1,1,0,0,22.0,0,0,0
58,2024-05-13 14:30:00,-9.91,-22.0,0,0,0.0,-50.0,0,72,0,22.0,1,1,0,0,22.0,0,0,0
59,2024-05-13 14:45:00,5.08,-0.0,0,0,0.0,-50.0,0,72,0.0,0.0,1,0,0,0,0.0,0,0,0
60,2024-05-13 15:00:00,-34.92,-22.0,0,0,0.0,-50.0,0,94,0,22.0,2,1,0,22.0,0.0,0,0,0
61,2024-05-13 15:15:00,-13.05,-22.0,0,0,0.0,-50.0,0,94,0,22.0,2,1,0,22.0,0.0,0,0,0
62,2024-05-13 15:30:00,5.09,-0.0,0,0,0.0,-50.0,0,94,0.0,0.0,2,0,0,0.0,0.0,0,0,0
63,2024-05-13 15:45:00,74.93,-0.0,0,0,0.0,-50.0,0,94,0.0,0.0,2,0,0,0.0,0.0,0,0,0
64,2024-05-13 16:00:00,-29.93,-0.0,0,0,0.0,-50.0,0,94,0.0,0.0,2,0,0,0.0,0.0,0,0,0
65,2024-05-13 16:15:00,-4.94,-0.0,0,0,0.0,-50.0,0,94,0.0,0.0,2,0,0,0.0,0.0,0,0,0
66,2024-05-13 16:30:00,20.08,-11.0,0,0,0.0,-50.0,0,100.0,0,11.0,3,1,0,0.0,0.0,0,11.0,0
67,2024-05-13 16:45:00,88.87,-11.0,0,0,0.0,-50.0,0,100.0,0,11.0,3,1,0,0.0,0.0,0,11.0,0
68,2024-05-13 17:00:00,-29.91,-11.0,0,0,0.0,-50.0,0,100.0,0,11.0,3,1,0,0.0,0.0,0,11.0,0
69,2024-05-13 17:15:00,64.92,-22.0,0,0,0.0,-50.0,0,100.0,0,22.0,4,2,0,0.0,0.0,0,11.0,11.0
70,2024-05-13 17:30:00,85.81,-33.0,0,0,0.0,-50.0,0,100.0,0,33.0,5,3,0,0.0,0.0,11.0,11.0,11.0
71,2024-05-13 17:45:00,139.9,-22.0,0,0,0.0,-50.0,0,100.0,0,22.0,5,2,0,0.0,0.0,11.0,0.0,11.0
72,2024-05-13 18:00:00,-4.2,-22.0,0,0,0.0,-50.0,0,100.0,0,22.0,5,2,0,0.0,0.0,11.0,0.0,11.0
73,2024-05-13 18:15:00,85.09,-22.0,0,0,0.0,-50.0,0,100.0,0,22.0,5,2,0,0.0,0.0,11.0,0.0,11.0
74,2024-05-13 18:30:00,84.95,-22.0,0,0,0.0,-50.0,0,100.0,0,22.0,5,2,0,0.0,0.0,11.0,0.0,11.0
75,2024-05-13 18:45:00,154.92,-11.0,0,0,0.0,-50.0,0,100.0,0,11.0,5,1,0,0.0,0.0,0.0,0.0,11.0
76,2024-05-13 19:00:00,104.9,-11.0,0,0,0.0,-50.0,0,100.0,0,11.0,5,1,0,0.0,0.0,0.0,0.0,11.0
77,2024-05-13 19:15:00,70.09,-33.0,0,0,0.0,-50.0,0,100.0,0,33.0,6,2,22.0,0.0,0.0,0.0,0.0,11.0
78,2024-05-13 19:30:00,122.38,-33.0,0,0,0.0,-50.0,0,100.0,0,33.0,6,2,22.0,0.0,0.0,0.0,0.0,11.0
79,2024-05-13 19:45:00,139.92,-11.0,0,0,0.0,-50.0,0,100.0,0,11.0,6,1,0.0,0.0,0.0,0.0,0.0,11.0
80,2024-05-13 20:00:00,154.96,-0.0,0,0,0.0,-50.0,0,100.0,0.0,0.0,6,0,0.0,0.0,0.0,0.0,0.0,0.0
81,2024-05-13 20:15:00,129.92,-0.0,0,0,0.0,-50.0,0,100.0,0.0,0.0,6,0,0.0,0.0,0.0,0.0,0.0,0.0
82,2024-05-13 20:30:00,129.91,-0.0,0,0,0.0,-50.0,0,100.0,0.0,0.0,6,0,0.0,0.0,0.0,0.0,0.0,0.0
83,2024-05-13 20:45:00,123.44,-0.0,0,0,0.0,-50.0,0,100.0,0.0,0.0,6,0,0.0,0.0,0.0,0.0,0.0,0.0
84,2024-05-13 21:00:00,134.95,-0.0,0,0,0.0,-50.0,0,100.0,0.0,0.0,6,0,0.0,0.0,0.0,0.0,0.0,0.0
85,2024-05-13 21:15:00,119.91,-0.0,0,0,0.0,-50.0,0,100.0,0.0,0.0,6,0,0.0,0.0,0.0,0.0,0.0,0.0
86,2024-05-13 21:30:00,109.92,-0.0,0,0,0.0,-50.0,0,100.0,0.0,0.0,6,0,0.0,0.0,0.0,0.0,0.0,0.0
87,2024-05-13 21:45:00,93.39,-0.0,0,0,0.0,-50.0,0,100.0,0.0,0.0,6,0,0.0,0.0,0.0,0.0,0.0,0.0
88,2024-05-13 22:00:00,154.91,-0.0,0,0,0.0,-50.0,0,100.0,0.0,0.0,6,0,0.0,0.0,0.0,0.0,0.0,0.0
89,2024-05-13 22:15:00,114.92,-0.0,0,0,0.0,-50.0,0,100.0,0.0,0.0,6,0,0.0,0.0,0.0,0.0,0.0,0.0
90,2024-05-13 22:30:00,46.41,-0.0,0,0,0.0,-50.0,0,100.0,0.0,0.0,6,0,0.0,0.0,0.0,0.0,0.0,0.0
91,2024-05-13 22:45:00,35.08,-0.0,0,0,0.0,-50.0,0,100.0,0.0,0.0,6,0,0.0,0.0,0.0,0.0,0.0,0.0
92,2024-05-13 23:00:00,124.91,-0.0,0,0,0.0,-50.0,0,100.0,0.0,0.0,6,0,0.0,0.0,0.0,0.0,0.0,0.0
93,2024-05-13 23:15:00,50.09,-0.0,0,0,0.0,-50.0,0,100.0,0.0,0.0,6,0,0.0,0.0,0.0,0.0,0.0,0.0
94,2024-05-13 23:30:00,84.9,-0.0,0,0,0.0,-50.0,0,100.0,0.0,0.0,6,0,0.0,0.0,0.0,0.0,0.0,0.0
95,2024-05-13 23:45:00,31.34,-0.0,0,0,0.0,-50.0,0,100.0,0.0,0.0,6,0,0.0,0.0,0.0,0.0,0.0,0.0
96,2024-05-14 00:00:00,68.89,-0.0,0,0,0.0,-50.0,0,100.0,0.0,0.0,6,0,0.0,0.0,0.0,0.0,0.0,0.0
97,2024-05-14 00:15:00,49.94,-0.0,0,0,0.0,-50.0,0,100.0,0.0,0.0,6,0,0.0,0.0,0.0,0.0,0.0,0.0
98,2024-05-14 00:30:00,35.09,-0.0,0,0,0.0,-50.0,0,100.0,0.0,0.0,6,0,0.0,0.0,0.0,0.0,0.0,0.0
99,2024-05-14 00:45:00,30.08,-0.0,0,0,0.0,-50.0,0,100.0,0.0,0.0,6,0,0.0,0.0,0.0,0.0,0.0,0.0
100,2024-05-14 01:00:00,45.9,-0.0,0,0,0.0,-50.0,0,100.0,0.0,0.0,6,0,0.0,0.0,0.0,0.0,0.0,0.0
101,2024-05-14 01:15:00,45.92,-0.0,0,0,0.0,-50.0,0,100.0,0.0,0.0,6,0,0.0,0.0,0.0,0.0,0.0,0.0
102,2024-05-14 01:30:00,39.31,-0.0,0,0,0.0,-50.0,0,100.0,0.0,0.0,6,0,0.0,0.0,0.0,0.0,0.0,0.0
103,2024-05-14 01:45:00,37.92,-0.0,0,0,0.0,-50.0,0,100.0,0.0,0.0,6,0,0.0,0.0,0.0,0.0,0.0,0.0
104,2024-05-14 02:00:00,41.96,-0.0,0,0,0.0,-50.0,0,100.0,0.0,0.0,6,0,0.0,0.0,0.0,0.0,0.0,0.0
105,2024-05-14 02:15:00,37.95,-0.0,0,0,0.0,-50.0,0,100.0,0.0,0.0,6,0,0.0,0.0,0.0,0.0,0.0,0.0
106,2024-05-14 02:30:00,37.04,-0.0,0,0,0.0,-50.0,0,100.0,0.0,0.0,6,0,0.0,0.0,0.0,0.0,0.0,0.0
107,2024-05-14 02:45:00,37.95,-0.0,0,0,0.0,-50.0,0,100.0,0.0,0.0,6,0,0.0,0.0,0.0,0.0,0.0,0.0
108,2024-05-14 03:00:00,41.91,-0.0,0,0,0.0,-50.0,0,100.0,0.0,0.0,6,0,0.0,0.0,0.0,0.0,0.0,0.0
109,2024-05-14 03:15:00,34.0,-0.0,0,0,0.0,-50.0,0,100.0,0.0,0.0,6,0,0.0,0.0,0.0,0.0,0.0,0.0
110,2024-05-14 03:30:00,34.0,-0.0,0,0,0.0,-50.0,0,100.0,0.0,0.0,6,0,0.0,0.0,0.0,0.0,0.0,0.0
111,2024-05-14 03:45:00,37.9,-0.0,0,0,0.0,-50.0,0,100.0,0.0,0.0,6,0,0.0,0.0,0.0,0.0,0.0,0.0
112,2024-05-14 04:00:00,30.0,-0.0,0,0,0.0,-50.0,0,100.0,0.0,0.0,6,0,0.0,0.0,0.0,0.0,0.0,0.0
113,2024-05-14 04:15:00,33.9,-0.0,0,0,0.0,-50.0,0,100.0,0.0,0.0,6,0,0.0,0.0,0.0,0.0,0.0,0.0
114,2024-05-14 04:30:00,37.9,-0.0,0,0,0.0,-50.0,0,100.0,0.0,0.0,6,0,0.0,0.0,0.0,0.0,0.0,0.0
115,2024-05-14 04:45:00,46.14,-0.0,0,0,0.0,-50.0,0,100.0,0.0,0.0,6,0,0.0,0.0,0.0,0.0,0.0,0.0
116,2024-05-14 05:00:00,20.08,-0.0,0,0,0.0,-50.0,0,100.0,0.0,0.0,6,0,0.0,0.0,0.0,0.0,0.0,0.0
117,2024-05-14 05:15:00,30.06,-0.0,0,0,0.0,-50.0,0,100.0,0.0,0.0,6,0,0.0,0.0,0.0,0.0,0.0,0.0
118,2024-05-14 05:30:00,45.9,-0.0,0,0,0.0,-50.0,0,100.0,0.0,0.0,6,0,0.0,0.0,0.0,0.0,0.0,0.0
119,2024-05-14 05:45:00,88.18,-0.0,0,0,0.0,-50.0,0,100.0,0.0,0.0,6,0,0.0,0.0,0.0,0.0,0.0,0.0
120,2024-05-14 06:00:00,53.38,-0.0,0,0,0.0,-50.0,0,100.0,0.0,0.0,6,0,0.0,0.0,0.0,0.0,0.0,0.0
121,2024-05-14 06:15:00,66.02,-0.0,0,0,0.0,-50.0,0,100.0,0.0,0.0,6,0,0.0,0.0,0.0,0.0,0.0,0.0
122,2024-05-14 06:30:00,65.93,-0.0,0,0,0.0,-50.0,0,100.0,0.0,0.0,6,0,0.0,0.0,0.0,0.0,0.0,0.0
123,2024-05-14 06:45:00,87.27,-0.0,0,0,0.0,-50.0,0,100.0,0.0,0.0,6,0,0.0,0.0,0.0,0.0,0.0,0.0
124,2024-05-14 07:00:00,124.91,-0.0,0,0,0.0,-50.0,0,100.0,0.0,0.0,6,0,0.0,0.0,0.0,0.0,0.0,0.0
125,2024-05-14 07:15:00,67.05,-0.0,0,0,0.0,-50.0,0,100.0,0.0,0.0,6,0,0.0,0.0,0.0,0.0,0.0,0.0
126,2024-05-14 07:30:00,57.93,-0.0,0,0,0.0,-50.0,0,100.0,0.0,0.0,6,0,0.0,0.0,0.0,0.0,0.0,0.0
127,2024-05-14 07:45:00,37.91,-0.0,0,0,0.0,-50.0,0,100.0,0.0,0.0,6,0,0.0,0.0,0.0,0.0,0.0,0.0
128,2024-05-14 08:00:00,116.38,-0.0,0,0,0.0,-50.0,0,100.0,0.0,0.0,6,0,0.0,0.0,0.0,0.0,0.0,0.0
129,2024-05-14 08:15:00,54.0,-0.0,0,0,0.0,-50.0,0,100.0,0.0,0.0,6,0,0.0,0.0,0.0,0.0,0.0,0.0
130,2024-05-14 08:30:00,38.0,-0.0,0,0,0.0,-50.0,0,61,0.0,0.0,1,0,0,0,0,0,0,0.0
131,2024-05-14 08:45:00,9.9,0,0,0,0.0,-50.0,0,50,0,0,0,0,0,0,0,0,0,0
132,2024-05-14 09:00:00,65.97,0,0,0,0.0,-50.0,0,50,0,0,0,0,0,0,0,0,0,0
133,2024-05-14 09:15:00,40.33,0,0,0,0.0,-50.0,0,50,0,0,0,0,0,0,0,0,0,0
134,2024-05-14 09:30:00,9.91,0,0,0,0.0,-50.0,0,50,0,0,0,0,0,0,0,0,0,0
135,2024-05-14 09:45:00,-35.09,0,0,0,0.0,-50.0,0,50,0,0,0,0,0,0,0,0,0,0
136,2024-05-14 10:00:00,57.9,0,0,0,0.0,-50.0,0,50,0,0,0,0,0,0,0,0,0,0
137,2024-05-14 10:15:00,17.9,0,0,0,0.0,-50.0,0,50,0,0,0,0,0,0,0,0,0,0
138,2024-05-14 10:30:00,-7.43,0,0,0,0.0,-50.0,0,50,0,0,0,0,0,0,0,0,0,0
139,2024-05-14 10:45:00,-69.9,0,0,0,0.0,-50.0,0,50,0,0,0,0,0,0,0,0,0,0
140,2024-05-14 11:00:00,30.0,0,0,0,0.0,-50.0,0,50,0,0,0,0,0,0,0,0,0,0
141,2024-05-14 11:15:00,-2.04,0,0,0,0.0,-50.0,0,50,0,0,0,0,0,0,0,0,0,0
142,2024-05-14 11:30:00,-16.06,0,0,0,0.0,-50.0,0,50,0,0,0,0,0,0,0,0,0,0
143,2024-05-14 11:45:00,-58.09,0,0,0,0.0,-50.0,0,50,0,0,0,0,0,0,0,0,0,0
144,2024-05-14 12:00:00,-1.49,0,0,0,0.0,-50.0,0,50,0,0,0,0,0,0,0,0,0,0
145,2024-05-14 12:15:00,-22.09,0,0,0,0.0,-50.0,0,50,0,0,0,0,0,0,0,0,0,0
146,2024-05-14 12:30:00,-38.07,0,0,0,0.0,-50.0,0,50,0,0,0,0,0,0,0,0,0,0
147,2024-05-14 12:45:00,-54.0,0,0,0,0.0,-50.0,0,50,0,0,0,0,0,0,0,0,0,0
148,2024-05-14 13:00:00,-34.02,0,0,0,0.0,-50.0,0,50,0,0,0,0,0,0,0,0,0,0
149,2024-05-14 13:15:00,-35.03,0,0,0,0.0,-50.0,0,50,0,0,0,0,0,0,0,0,0,0
150,2024-05-14 13:30:00,-49.92,0,0,0,0.0,-50.0,0,50,0,0,0,0,0,0,0,0,0,0
151,2024-05-14 13:45:00,-44.93,0,0,0,0.0,-50.0,0,50,0,0,0,0,0,0,0,0,0,0
152,2024-05-14 14:00:00,-35.07,0,0,0,0.0,-50.0,0,50,0,0,0,0,0,0,0,0,0,0
153,2024-05-14 14:15:00,-46.01,0,0,0,0.0,-50.0,0,50,0,0,0,0,0,0,0,0,0,0
154,2024-05-14 14:30:00,-33.0,0,0,0,0.0,-50.0,0,50,0,0,0,0,0,0,0,0,0,0
155,2024-05-14 14:45:00,-29.92,0,0,0,0.0,-50.0,0,50,0,0,0,0,0,0,0,0,0,0
156,2024-05-14 15:00:00,-44.9,0,0,0,0.0,-50.0,0,50,0,0,0,0,0,0,0,0,0,0
157,2024-05-14 15:15:00,-30.02,-11.0,0,0,0.0,-50.0,0,61,0,11.0,1,1,0,0,0,11.0,0,0
158,2024-05-14 15:30:00,-18.1,-11.0,0,0,0.0,-50.0,0,61,0,11.0,1,1,0,0,0,11.0,0,0
159,2024-05-14 15:45:00,13.18,-11.0,0,0,0.0,-50.0,0,61,0,11.0,1,1,0,0,0,11.0,0,0
160,2024-05-14 16:00:00,-62.01,-11.0,0,0,0.0,-50.0,0,61,0,11.0,1,1,0,0,0,11.0,0,0
161,2024-05-14 16:15:00,-19.46,-11.0,0,0,0.0,-50.0,0,61,0,11.0,1,1,0,0,0,11.0,0,0
162,2024-05-14 16:30:00,1.94,-33.0,0,0,0.0,-50.0,0,83,0,33.0,2,2,22.0,0,0,11.0,0,0
163,2024-05-14 16:45:00,44.91,-33.0,0,0,0.0,-50.0,0,83,0,33.0,2,2,22.0,0,0,11.0,0,0
164,2024-05-14 17:00:00,-70.08,-22.0,0,0,0.0,-50.0,0,94,0,22.0,3,2,0.0,0,0,11.0,0,11.0
165,2024-05-14 17:15:00,-10.02,-22.0,0,0,0.0,-50.0,0,94,0,22.0,3,2,0.0,0,0,11.0,0,11.0
166,2024-05-14 17:30:00,33.91,-11.0,0,0,0.0,-50.0,0,94,0,11.0,3,1,0.0,0,0,0.0,0,11.0
167,2024-05-14 17:45:00,77.59,-22.0,0,0,0.0,-50.0,0,100.0,0,22.0,4,2,0.0,0,0,0.0,11.0,11.0
168,2024-05-14 18:00:00,-42.05,-44.0,0,0,0.0,-50.0,0,100.0,0,44.0,5,3,0.0,22.0,0,0.0,11.0,11.0
169,2024-05-14 18:15:00,34.93,-44.0,0,0,0.0,-50.0,0,100.0,0,44.0,6,3,0.0,0.0,22.0,0.0,11.0,11.0
170,2024-05-14 18:30:00,77.05,-44.0,0,0,0.0,-50.0,0,100.0,0,44.0,6,3,0.0,0.0,22.0,0.0,11.0,11.0
171,2024-05-14 18:45:00,149.98,-22.0,0,0,0.0,-50.0,0,100.0,0,22.0,6,2,0.0,0.0,0.0,0.0,11.0,11.0
172,2024-05-14 19:00:00,54.0,-11.0,0,0,0.0,-50.0,0,100.0,0,11.0,6,1,0.0,0.0,0.0,0.0,11.0,0.0
173,2024-05-14 19:15:00,80.21,-11.0,0,0,0.0,-50.0,0,100.0,0,11.0,6,1,0.0,0.0,0.0,0.0,11.0,0.0
174,2024-05-14 19:30:00,104.92,-11.0,0,0,0.0,-50.0,0,100.0,0,11.0,6,1,0.0,0.0,0.0,0.0,11.0,0.0
175,2024-05-14 19:45:00,104.97,-0.0,0,0,0.0,-50.0,0,100.0,0.0,0.0,6,0,0.0,0.0,0.0,0.0,0.0,0.0
176,2024-05-14 20:00:00,129.9,-0.0,0,0,0.0,-50.0,0,100.0,0.0,0.0,6,0,0.0,0.0,0.0,0.0,0.0,0.0
177,2024-05-14 20:15:00,97.95,-0.0,0,0,0.0,-50.0,0,100.0,0.0,0.0,6,0,0.0,0.0,0.0,0.0,0.0,0.0
178,2024-05-14 20:30:00,76.34,-0.0,0,0,0.0,-50.0,0,100.0,0.0,0.0,6,0,0.0,0.0,0.0,0.0,0.0,0.0
179,2024-05-14 20:45:00,61.91,-0.0,0,0,0.0,-50.0,0,100.0,0.0,0.0,6,0,0.0,0.0,0.0,0.0,0.0,0.0
180,2024-05-14 21:00:00,104.99,-0.0,0,0,0.0,-50.0,0,100.0,0.0,0.0,6,0,0.0,0.0,0.0,0.0,0.0,0.0
181,2024-05-14 21:15:00,93.94,-0.0,0,0,0.0,-50.0,0,100.0,0.0,0.0,6,0,0.0,0.0,0.0,0.0,0.0,0.0
182,2024-05-14 21:30:00,69.99,-0.0,0,0,0.0,-50.0,0,100.0,0.0,0.0,6,0,0.0,0.0,0.0,0.0,0.0,0.0
183,2024-05-14 21:45:00,55.14,-0.0,0,0,0.0,-50.0,0,100.0,0.0,0.0,6,0,0.0,0.0,0.0,0.0,0.0,0.0
184,2024-05-14 22:00:00,101.93,-0.0,0,0,0.0,-50.0,0,100.0,0.0,0.0,6,0,0.0,0.0,0.0,0.0,0.0,0.0
185,2024-05-14 22:15:00,73.91,-0.0,0,0,0.0,-50.0,0,100.0,0.0,0.0,6,0,0.0,0.0,0.0,0.0,0.0,0.0
186,2024-05-14 22:30:00,57.46,-0.0,0,0,0.0,-50.0,0,100.0,0.0,0.0,6,0,0.0,0.0,0.0,0.0,0.0,0.0
187,2024-05-14 22:45:00,41.9,-0.0,0,0,0.0,-50.0,0,100.0,0.0,0.0,6,0,0.0,0.0,0.0,0.0,0.0,0.0
188,2024-05-14 23:00:00,69.97,-0.0,0,0,0.0,-50.0,0,100.0,0.0,0.0,6,0,0.0,0.0,0.0,0.0,0.0,0.0
189,2024-05-14 23:15:00,56.4,-0.0,0,0,0.0,-50.0,0,100.0,0.0,0.0,6,0,0.0,0.0,0.0,0.0,0.0,0.0
190,2024-05-14 23:30:00,45.9,-0.0,0,0,0.0,-50.0,0,100.0,0.0,0.0,6,0,0.0,0.0,0.0,0.0,0.0,0.0
191,2024-05-14 23:45:00,37.91,-0.0,0,0,0.0,-50.0,0,100.0,0.0,0.0,6,0,0.0,0.0,0.0,0.0,0.0,0.0
192,2024-05-15 00:00:00,54.93,-0.0,0,0,0.0,-50.0,0,100.0,0.0,0.0,6,0,0.0,0.0,0.0,0.0,0.0,0.0
193,2024-05-15 00:15:00,41.5,-0.0,0,0,0.0,-50.0,0,100.0,0.0,0.0,6,0,0.0,0.0,0.0,0.0,0.0,0.0
194,2024-05-15 00:30:00,28.1,-0.0,0,0,0.0,-50.0,0,100.0,0.0,0.0,6,0,0.0,0.0,0.0,0.0,0.0,0.0
195,2024-05-15 00:45:00,20.12,-0.0,0,0,0.0,-50.0,0,100.0,0.0,0.0,6,0,0.0,0.0,0.0,0.0,0.0,0.0
196,2024-05-15 01:00:00,37.2,-0.0,0,0,0.0,-50.0,0,100.0,0.0,0.0,6,0,0.0,0.0,0.0,0.0,0.0,0.0
197,2024-05-15 01:15:00,37.9,-0.0,0,0,0.0,-50.0,0,100.0,0.0,0.0,6,0,0.0,0.0,0.0,0.0,0.0,0.0
198,2024-05-15 01:30:00,30.5,-0.0,0,0,0.0,-50.0,0,100.0,0.0,0.0,6,0,0.0,0.0,0.0,0.0,0.0,0.0
199,2024-05-15 01:45:00,19.17,-0.0,0,0,0.0,-50.0,0,100.0,0.0,0.0,6,0,0.0,0.0,0.0,0.0,0.0,0.0
200,2024-05-15 02:00:00,27.5,-0.0,0,0,0.0,-50.0,0,100.0,0.0,0.0,6,0,0.0,0.0,0.0,0.0,0.0,0.0
201,2024-05-15 02:15:00,32.2,-0.0,0,0,0.0,-50.0,0,100.0,0.0,0.0,6,0,0.0,0.0,0.0,0.0,0.0,0.0
202,2024-05-15 02:30:00,22.6,-0.0,0,0,0.0,-50.0,0,100.0,0.0,0.0,6,0,0.0,0.0,0.0,0.0,0.0,0.0
203,2024-05-15 02:45:00,33.3,-0.0,0,0,0.0,-50.0,0,100.0,0.0,0.0,6,0,0.0,0.0,0.0,0.0,0.0,0.0
204,2024-05-15 03:00:00,21.2,-0.0,0,0,0.0,-50.0,0,100.0,0.0,0.0,6,0,0.0,0.0,0.0,0.0,0.0,0.0
205,2024-05-15 03:15:00,25.07,-0.0,0,0,0.0,-50.0,0,100.0,0.0,0.0,6,0,0.0,0.0,0.0,0.0,0.0,0.0
206,2024-05-15 03:30:00,32.2,-0.0,0,0,0.0,-50.0,0,100.0,0.0,0.0,6,0,0.0,0.0,0.0,0.0,0.0,0.0
207,2024-05-15 03:45:00,34.4,-0.0,0,0,0.0,-50.0,0,100.0,0.0,0.0,6,0,0.0,0.0,0.0,0.0,0.0,0.0
208,2024-05-15 04:00:00,11.9,-0.0,0,0,0.0,-50.0,0,100.0,0.0,0.0,6,0,0.0,0.0,0.0,0.0,0.0,0.0
209,2024-05-15 04:15:00,28.55,-0.0,0,0,0.0,-50.0,0,100.0,0.0,0.0,6,0,0.0,0.0,0.0,0.0,0.0,0.0
210,2024-05-15 04:30:00,26.6,-0.0,0,0,0.0,-50.0,0,100.0,0.0,0.0,6,0,0.0,0.0,0.0,0.0,0.0,0.0
211,2024-05-15 04:45:00,43.57,-0.0,0,0,0.0,-50.0,0,100.0,0.0,0.0,6,0,0.0,0.0,0.0,0.0,0.0,0.0
212,2024-05-15 05:00:00,5.08,-0.0,0,0,0.0,-50.0,0,100.0,0.0,0.0,6,0,0.0,0.0,0.0,0.0,0.0,0.0
213,2024-05-15 05:15:00,22.27,-0.0,0,0,0.0,-50.0,0,100.0,0.0,0.0,6,0,0.0,0.0,0.0,0.0,0.0,0.0
214,2024-05-15 05:30:00,64.9,-0.0,0,0,0.0,-50.0,0,100.0,0.0,0.0,6,0,0.0,0.0,0.0,0.0,0.0,0.0
215,2024-05-15 05:45:00,84.96,-0.0,0,0,0.0,-50.0,0,100.0,0.0,0.0,6,0,0.0,0.0,0.0,0.0,0.0,0.0
216,2024-05-15 06:00:00,64.92,-0.0,0,0,0.0,-50.0,0,100.0,0.0,0.0,6,0,0.0,0.0,0.0,0.0,0.0,0.0
217,2024-05-15 06:15:00,69.9,-0.0,0,0,0.0,-50.0,0,100.0,0.0,0.0,6,0,0.0,0.0,0.0,0.0,0.0,0.0
218,2024-05-15 06:30:00,73.76,-0.0,0,0,0.0,-50.0,0,100.0,0.0,0.0,6,0,0.0,0.0,0.0,0.0,0.0,0.0
219,2024-05-15 06:45:00,69.8,-0.0,0,0,0.0,-50.0,0,100.0,0.0,0.0,6,0,0.0,0.0,0.0,0.0,0.0,0.0
220,2024-05-15 07:00:00,109.92,-0.0,0,0,0.0,-50.0,0,100.0,0.0,0.0,6,0,0.0,0.0,0.0,0.0,0.0,0.0
221,2024-05-15 07:15:00,84.9,-0.0,0,0,0.0,-50.0,0,100.0,0.0,0.0,6,0,0.0,0.0,0.0,0.0,0.0,0.0
222,2024-05-15 07:30:00,79.92,-0.0,0,0,0.0,-50.0,0,100.0,0.0,0.0,6,0,0.0,0.0,0.0,0.0,0.0,0.0
223,2024-05-15 07:45:00,54.07,-0.0,0,0,0.0,-50.0,0,100.0,0.0,0.0,6,0,0.0,0.0,0.0,0.0,0.0,0.0
224,2024-05-15 08:00:00,109.9,-0.0,0,0,0.0,-50.0,0,100.0,0.0,0.0,6,0,0.0,0.0,0.0,0.0,0.0,0.0
225,2024-05-15 08:15:00,56.2,-0.0,0,0,0.0,-50.0,0,100.0,0.0,0.0,5,0,0.0,0.0,0.0,0.0,0,0.0
226,2024-05-15 08:30:00,52.79,-0.0,0,0,0.0,-50.0,0,100.0,0.0,0.0,5,0,0.0,0.0,0.0,0.0,0,0.0
227,2024-05-15 08:45:00,20.1,-0.0,0,0,0.0,-50.0,0,100.0,0.0,0.0,3,0,0.0,0.0,0.0,0,0,0
228,2024-05-15 09:00:00,70.1,-0.0,0,0,0.0,-50.0,0,100.0,0.0,0.0,3,0,0.0,0.0,0.0,0,0,0
229,2024-05-15 09:15:00,47.6,-0.0,0,0,0.0,-50.0,0,100.0,0.0,0.0,3,0,0.0,0.0,0.0,0,0,0
230,2024-05-15 09:30:00,22.4,-0.0,0,0,0.0,-50.0,0,100.0,0.0,0.0,3,0,0.0,0.0,0.0,0,0,0
231,2024-05-15 09:45:00,-16.09,-0.0,0,0,0.0,-50.0,0,100.0,0.0,0.0,3,0,0.0,0.0,0.0,0,0,0
232,2024-05-15 10:00:00,46.21,-0.0,0,0,0.0,-50.0,0,100.0,0.0,0.0,3,0,0.0,0.0,0.0,0,0,0
233,2024-05-15 10:15:00,24.5,-0.0,0,0,0.0,-50.0,0,100.0,0.0,0.0,3,0,0.0,0.0,0.0,0,0,0
234,2024-05-15 10:30:00,-3.3,-0.0,0,0,0.0,-50.0,0,100.0,0.0,0.0,3,0,0.0,0.0,0.0,0,0,0
235,2024-05-15 10:45:00,-39.92,-0.0,0,0,0.0,-50.0,0,100.0,0.0,0.0,3,0,0.0,0.0,0.0,0,0,0
236,2024-05-15 11:00:00,39.48,-0.0,0,0,0.0,-50.0,0,100.0,0.0,0.0,3,0,0.0,0.0,0.0,0,0,0
237,2024-05-15 11:15:00,14.9,-0.0,0,0,0.0,-50.0,0,100.0,0.0,0.0,3,0,0.0,0.0,0.0,0,0,0
238,2024-05-15 11:30:00,-3.3,-0.0,0,0,0.0,-50.0,0,100.0,0.0,0.0,3,0,0.0,0.0,0.0,0,0,0
239,2024-05-15 11:45:00,-49.91,-0.0,0,0,0.0,-50.0,0,100.0,0.0,0.0,3,0,0.0,0.0,0.0,0,0,0
240,2024-05-15 12:00:00,24.97,-0.0,0,0,0.0,-50.0,0,100.0,0.0,0.0,3,0,0.0,0.0,0.0,0,0,0
241,2024-05-15 12:15:00,-0.04,-0.0,0,0,0.0,-50.0,0,100.0,0.0,0.0,3,0,0.0,0.0,0.0,0,0,0
242,2024-05-15 12:30:00,-15.02,-0.0,0,0,0.0,-50.0,0,100.0,0.0,0.0,3,0,0.0,0.0,0.0,0,0,0
243,2024-05-15 12:45:00,-29.9,-0.0,0,0,0.0,-50.0,0,100.0,0.0,0.0,3,0,0.0,0.0,0.0,0,0,0
244,2024-05-15 13:00:00,4.4,-0.0,0,0,0.0,-50.0,0,100.0,0.0,0.0,3,0,0.0,0.0,0.0,0,0,0
245,2024-05-15 13:15:00,1.6,-0.0,0,0,0.0,-50.0,0,100.0,0.0,0.0,3,0,0.0,0.0,0.0,0,0,0
246,2024-05-15 13:30:00,-10.06,-0.0,0,0,0.0,-50.0,0,100.0,0.0,0.0,3,0,0.0,0.0,0.0,0,0,0
247,2024-05-15 13:45:00,-18.53,-0.0,0,0,0.0,-50.0,0,100.0,0.0,0.0,3,0,0.0,0.0,0.0,0,0,0
248,2024-05-15 14:00:00,-20.0,-0.0,0,0,0.0,-50.0,0,100.0,0.0,0.0,3,0,0.0,0.0,0.0,0,0,0
249,2024-05-15 14:15:00,-10.18,-0.0,0,0,0.0,-50.0,0,100.0,0.0,0.0,3,0,0.0,0.0,0.0,0,0,0
250,2024-05-15 14:30:00,-9.6,-0.0,0,0,0.0,-50.0,0,100.0,0.0,0.0,3,0,0.0,0.0,0.0,0,0,0
251,2024-05-15 14:45:00,4.98,-0.0,0,0,0.0,-50.0,0,100.0,0.0,0.0,3,0,0.0,0.0,0.0,0,0,0
252,2024-05-15 15:00:00,-35.05,-0.0,0,0,0.0,-50.0,0,100.0,0.0,0.0,3,0,0.0,0.0,0.0,0,0,0
253,2024-05-15 15:15:00,-15.05,-0.0,0,0,0.0,-50.0,0,100.0,0.0,0.0,3,0,0.0,0.0,0.0,0,0,0
254,2024-05-15 15:30:00,4.98,-11.0,0,0,0.0,-50.0,0,100.0,0,11.0,4,1,0.0,0.0,0.0,11.0,0,0
255,2024-05-15 15:45:00,29.98,-11.0,0,0,0.0,-50.0,0,100.0,0,11.0,4,1,0.0,0.0,0.0,11.0,0,0
256,2024-05-15 16:00:00,-54.1,-11.0,0,0,0.0,-50.0,0,100.0,0,11.0,4,1,0.0,0.0,0.0,11.0,0,0
257,2024-05-15 16:15:00,-10.07,-11.0,0,0,0.0,-50.0,0,100.0,0,11.0,4,1,0.0,0.0,0.0,11.0,0,0
258,2024-05-15 16:30:00,24.9,-11.0,0,0,0.0,-50.0,0,100.0,0,11.0,4,1,0.0,0.0,0.0,11.0,0,0
259,2024-05-15 16:45:00,52.89,-0.0,0,0,0.0,-50.0,0,100.0,0.0,0.0,4,0,0.0,0.0,0.0,0.0,0,0
260,2024-05-15 17:00:00,-35.09,-0.0,0,0,0.0,-50.0,0,100.0,0.0,0.0,4,0,0.0,0.0,0.0,0.0,0,0
261,2024-05-15 17:15:00,14.91,-0.0,0,0,0.0,-50.0,0,100.0,0.0,0.0,4,0,0.0,0.0,0.0,0.0,0,0
262,2024-05-15 17:30:00,44.17,-0.0,0,0,0.0,-50.0,0,100.0,0.0,0.0,4,0,0.0,0.0,0.0,0.0,0,0
263,2024-05-15 17:45:00,91.6,-11.0,0,0,0.0,-50.0,0,100.0,0,11.0,5,1,0.0,0.0,0.0,0.0,0,11.0
264,2024-05-15 18:00:00,9.9,-11.0,0,0,0.0,-50.0,0,100.0,0,11.0,5,1,0.0,0.0,0.0,0.0,0,11.0
265,2024-05-15 18:15:00,45.9,-11.0,0,0,0.0,-50.0,0,100.0,0,11.0,5,1,0.0,0.0,0.0,0.0,0,11.0
266,2024-05-15 18:30:00,82.7,-11.0,0,0,0.0,-50.0,0,100.0,0,11.0,5,1,0.0,0.0,0.0,0.0,0,11.0
267,2024-05-15 18:45:00,108.7,-11.0,0,0,0.0,-50.0,0,100.0,0,11.0,5,1,0.0,0.0,0.0,0.0,0,11.0
268,2024-05-15 19:00:00,64.91,-11.0,0,0,0.0,-50.0,0,100.0,0,11.0,5,1,0.0,0.0,0.0,0.0,0,11.0
269,2024-05-15 19:15:00,81.14,-11.0,0,0,0.0,-50.0,0,100.0,0,11.0,6,1,0.0,0.0,0.0,0.0,11.0,0.0
270,2024-05-15 19:30:00,99.94,-11.0,0,0,0.0,-50.0,0,100.0,0,11.0,6,1,0.0,0.0,0.0,0.0,11.0,0.0
271,2024-05-15 19:45:00,110.0,-11.0,0,0,0.0,-50.0,0,100.0,0,11.0,6,1,0.0,0.0,0.0,0.0,11.0,0.0
272,2024-05-15 20:00:00,104.95,-11.0,0,0,0.0,-50.0,0,100.0,0,11.0,6,1,0.0,0.0,0.0,0.0,11.0,0.0
273,2024-05-15 20:15:00,98.1,-11.0,0,0,0.0,-50.0,0,100.0,0,11.0,6,1,0.0,0.0,0.0,0.0,11.0,0.0
274,2024-05-15 20:30:00,97.5,-11.0,0,0,0.0,-50.0,0,100.0,0,11.0,6,1,0.0,0.0,0.0,0.0,11.0,0.0
275,2024-05-15 20:45:00,82.86,-0.0,0,0,0.0,-50.0,0,100.0,0.0,0.0,6,0,0.0,0.0,0.0,0.0,0.0,0.0
276,2024-05-15 21:00:00,109.29,-0.0,0,0,0.0,-50.0,0,100.0,0.0,0.0,6,0,0.0,0.0,0.0,0.0,0.0,0.0
277,2024-05-15 21:15:00,78.6,-0.0,0,0,0.0,-50.0,0,100.0,0.0,0.0,6,0,0.0,0.0,0.0,0.0,0.0,0.0
278,2024-05-15 21:30:00,69.8,-0.0,0,0,0.0,-50.0,0,100.0,0.0,0.0,6,0,0.0,0.0,0.0,0.0,0.0,0.0
279,2024-05-15 21:45:00,61.1,-0.0,0,0,0.0,-50.0,0,100.0,0.0,0.0,6,0,0.0,0.0,0.0,0.0,0.0,0.0
280,2024-05-15 22:00:00,99.93,-0.0,0,0,0.0,-50.0,0,100.0,0.0,0.0,6,0,0.0,0.0,0.0,0.0,0.0,0.0
281,2024-05-15 22:15:00,75.4,-0.0,0,0,0.0,-50.0,0,100.0,0.0,0.0,6,0,0.0,0.0,0.0,0.0,0.0,0.0
282,2024-05-15 22:30:00,61.12,-0.0,0,0,0.0,-50.0,0,100.0,0.0,0.0,6,0,0.0,0.0,0.0,0.0,0.0,0.0
283,2024-05-15 22:45:00,30.08,-0.0,0,0,0.0,-50.0,0,100.0,0.0,0.0,6,0,0.0,0.0,0.0,0.0,0.0,0.0
284,2024-05-15 23:00:00,81.0,-0.0,0,0,0.0,-50.0,0,100.0,0.0,0.0,6,0,0.0,0.0,0.0,0.0,0.0,0.0
285,2024-05-15 23:15:00,58.69,-0.0,0,0,0.0,-50.0,0,100.0,0.0,0.0,6,0,0.0,0.0,0.0,0.0,0.0,0.0
286,2024-05-15 23:30:00,40.4,-0.0,0,0,0.0,-50.0,0,100.0,0.0,0.0,6,0,0.0,0.0,0.0,0.0,0.0,0.0
287,2024-05-15 23:45:00,31.7,-0.0,0,0,0.0,-50.0,0,100.0,0.0,0.0,6,0,0.0,0.0,0.0,0.0,0.0,0.0
288,2024-05-16 00:00:00,54.7,-0.0,0,0,0.0,-50.0,0,100.0,0.0,0.0,6,0,0.0,0.0,0.0,0.0,0.0,0.0
289,2024-05-16 00:15:00,43.1,-0.0,0,0,0.0,-50.0,0,100.0,0.0,0.0,6,0,0.0,0.0,0.0,0.0,0.0,0.0
290,2024-05-16 00:30:00,39.64,-0.0,0,0,0.0,-50.0,0,100.0,0.0,0.0,6,0,0.0,0.0,0.0,0.0,0.0,0.0
291,2024-05-16 00:45:00,33.5,-0.0,0,0,0.0,-50.0,0,100.0,0.0,0.0,6,0,0.0,0.0,0.0,0.0,0.0,0.0
292,2024-05-16 01:00:00,54.3,-0.0,0,0,0.0,-50.0,0,100.0,0.0,0.0,6,0,0.0,0.0,0.0,0.0,0.0,0.0
293,2024-05-16 01:15:00,41.4,-0.0,0,0,0.0,-50.0,0,100.0,0.0,0.0,6,0,0.0,0.0,0.0,0.0,0.0,0.0
294,2024-05-16 01:30:00,34.1,-0.0,0,0,0.0,-50.0,0,100.0,0.0,0.0,6,0,0.0,0.0,0.0,0.0,0.0,0.0
295,2024-05-16 01:45:00,17.39,-0.0,0,0,0.0,-50.0,0,100.0,0.0,0.0,6,0,0.0,0.0,0.0,0.0,0.0,0.0
296,2024-05-16 02:00:00,41.3,-0.0,0,0,0.0,-50.0,0,100.0,0.0,0.0,6,0,0.0,0.0,0.0,0.0,0.0,0.0
297,2024-05-16 02:15:00,35.8,-0.0,0,0,0.0,-50.0,0,100.0,0.0,0.0,6,0,0.0,0.0,0.0,0.0,0.0,0.0
298,2024-05-16 02:30:00,34.3,-0.0,0,0,0.0,-50.0,0,100.0,0.0,0.0,6,0,0.0,0.0,0.0,0.0,0.0,0.0
299,2024-05-16 02:45:00,34.1,-0.0,0,0,0.0,-50.0,0,100.0,0.0,0.0,6,0,0.0,0.0,0.0,0.0,0.0,0.0
300,2024-05-16 03:00:00,32.06,-0.0,0,0,0.0,-50.0,0,100.0,0.0,0.0,6,0,0.0,0.0,0.0,0.0,0.0,0.0
301,2024-05-16 03:15:00,33.5,-0.0,0,0,0.0,-50.0,0,100.0,0.0,0.0,6,0,0.0,0.0,0.0,0.0,0.0,0.0
302,2024-05-16 03:30:00,34.1,-0.0,0,0,0.0,-50.0,0,100.0,0.0,0.0,6,0,0.0,0.0,0.0,0.0,0.0,0.0
303,2024-05-16 03:45:00,34.4,-0.0,0,0,0.0,-50.0,0,100.0,0.0,0.0,6,0,0.0,0.0,0.0,0.0,0.0,0.0
304,2024-05-16 04:00:00,36.12,-0.0,0,0,0.0,-50.0,0,100.0,0.0,0.0,6,0,0.0,0.0,0.0,0.0,0.0,0.0
305,2024-05-16 04:15:00,32.4,-0.0,0,0,0.0,-50.0,0,100.0,0.0,0.0,6,0,0.0,0.0,0.0,0.0,0.0,0.0
306,2024-05-16 04:30:00,38.0,-0.0,0,0,0.0,-50.0,0,100.0,0.0,0.0,6,0,0.0,0.0,0.0,0.0,0.0,0.0
307,2024-05-16 04:45:00,43.0,-0.0,0,0,0.0,-50.0,0,100.0,0.0,0.0,6,0,0.0,0.0,0.0,0.0,0.0,0.0
308,2024-05-16 05:00:00,20.0,-0.0,0,0,0.0,-50.0,0,100.0,0.0,0.0,6,0,0.0,0.0,0.0,0.0,0.0,0.0
309,2024-05-16 05:15:00,42.57,-0.0,0,0,0.0,-50.0,0,100.0,0.0,0.0,6,0,0.0,0.0,0.0,0.0,0.0,0.0
310,2024-05-16 05:30:00,64.93,-0.0,0,0,0.0,-50.0,0,100.0,0.0,0.0,6,0,0.0,0.0,0.0,0.0,0.0,0.0
311,2024-05-16 05:45:00,79.98,-0.0,0,0,0.0,-50.0,0,100.0,0.0,0.0,6,0,0.0,0.0,0.0,0.0,0.0,0.0
312,2024-05-16 06:00:00,69.93,-0.0,0,0,0.0,-50.0,0,100.0,0.0,0.0,6,0,0.0,0.0,0.0,0.0,0.0,0.0
313,2024-05-16 06:15:00,74.92,-0.0,0,0,0.0,-50.0,0,100.0,0.0,0.0,6,0,0.0,0.0,0.0,0.0,0.0,0.0
314,2024-05-16 06:30:00,84.91,-0.0,0,0,0.0,-50.0,0,100.0,0.0,0.0,6,0,0.0,0.0,0.0,0.0,0.0,0.0
315,2024-05-16 06:45:00,83.13,-0.0,0,0,0.0,-50.0,0,100.0,0.0,0.0,6,0,0.0,0.0,0.0,0.0,0.0,0.0
316,2024-05-16 07:00:00,104.91,-0.0,0,0,0.0,-50.0,0,100.0,0.0,0.0,6,0,0.0,0.0,0.0,0.0,0.0,0.0
317,2024-05-16 07:15:00,87.85,-0.0,0,0,0.0,-50.0,0,100.0,0.0,0.0,6,0,0.0,0.0,0.0,0.0,0.0,0.0
318,2024-05-16 07:30:00,84.92,-0.0,0,0,0.0,-50.0,0,100.0,0.0,0.0,6,0,0.0,0.0,0.0,0.0,0.0,0.0
319,2024-05-16 07:45:00,79.9,-0.0,0,0,0.0,-50.0,0,100.0,0.0,0.0,4,0,0,0.0,0.0,0,0.0,0.0
320,2024-05-16 08:00:00,109.93,-0.0,0,0,0.0,-50.0,0,100.0,0.0,0.0,4,0,0,0.0,0.0,0,0.0,0.0
321,2024-05-16 08:15:00,66.7,-0.0,0,0,0.0,-50.0,0,100.0,0.0,0.0,4,0,0,0.0,0.0,0,0.0,0.0
322,2024-05-16 08:30:00,59.9,-0.0,0,0,0.0,-50.0,0,94,0.0,0.0,2,0,0,0.0,0.0,0,0,0
323,2024-05-16 08:45:00,57.06,-0.0,0,0,0.0,-50.0,0,72,0.0,0.0,1,0,0,0,0.0,0,0,0
324,2024-05-16 09:00:00,89.92,0,0,0,0.0,-50.0,0,50,0,0,0,0,0,0,0,0,0,0
325,2024-05-16 09:15:00,48.3,0,0,0,0.0,-50.0,0,50,0,0,0,0,0,0,0,0,0,0
326,2024-05-16 09:30:00,23.4,0,0,0,0.0,-50.0,0,50,0,0,0,0,0,0,0,0,0,0
327,2024-05-16 09:45:00,2.97,0,0,0,0.0,-50.0,0,50,0,0,0,0,0,0,0,0,0,0
328,2024-05-16 10:00:00,66.7,0,0,0,0.0,-50.0,0,50,0,0,0,0,0,0,0,0,0,0
329,2024-05-16 10:15:00,28.75,0,0,0,0.0,-50.0,0,50,0,0,0,0,0,0,0,0,0,0
330,2024-05-16 10:30:00,0.5,0,0,0,0.0,-50.0,0,50,0,0,0,0,0,0,0,0,0,0
331,2024-05-16 10:45:00,-30.7,0,0,0,0.0,-50.0,0,50,0,0,0,0,0,0,0,0,0,0
332,2024-05-16 11:00:00,38.1,0,0,0,0.0,-50.0,0,50,0,0,0,0,0,0,0,0,0,0
333,2024-05-16 11:15:00,8.3,0,0,0,0.0,-50.0,0,50,0,0,0,0,0,0,0,0,0,0
334,2024-05-16 11:30:00,4.7,0,0,0,0.0,-50.0,0,50,0,0,0,0,0,0,0,0,0,0
335,2024-05-16 11:45:00,-35.09,0,0,0,0.0,-50.0,0,50,0,0,0,0,0,0,0,0,0,0
336,2024-05-16 12:00:00,25.0,0,0,0,0.0,-50.0,0,50,0,0,0,0,0,0,0,0,0,0
337,2024-05-16 12:15:00,-0.3,0,0,0,0.0,-50.0,0,50,0,0,0,0,0,0,0,0,0,0
338,2024-05-16 12:30:00,-8.49,0,0,0,0.0,-50.0,0,50,0,0,0,0,0,0,0,0,0,0
339,2024-05-16 12:45:00,-20.7,0,0,0,0.0,-50.0,0,50,0,0,0,0,0,0,0,0,0,0
340,2024-05-16 13:00:00,10.63,0,0,0,0.0,-50.0,0,50,0,0,0,0,0,0,0,0,0,0
341,2024-05-16 13:15:00,-0.03,0,0,0,0.0,-50.0,0,50,0,0,0,0,0,0,0,0,0,0
342,2024-05-16 13:30:00,-3.3,0,0,0,0.0,-50.0,0,50,0,0,0,0,0,0,0,0,0,0
343,2024-05-16 13:45:00,-16.9,0,0,0,0.0,-50.0,0,50,0,0,0,0,0,0,0,0,0,0
344,2024-05-16 14:00:00,-11.4,0,0,0,0.0,-50.0,0,50,0,0,0,0,0,0,0,0,0,0
345,2024-05-16 14:15:00,-10.09,0,0,0,0.0,-50.0,0,50,0,0,0,0,0,0,0,0,0,0
346,2024-05-16 14:30:00,-0.09,0,0,0,0.0,-50.0,0,50,0,0,0,0,0,0,0,0,0,0
347,2024-05-16 14:45:00,9.98,0,0,0,0.0,-50.0,0,50,0,0,0,0,0,0,0,0,0,0
348,2024-05-16 15:00:00,-28.97,0,0,0,0.0,-50.0,0,50,0,0,0,0,0,0,0,0,0,0
349,2024-05-16 15:15:00,-14.4,-22.0,0,0,0.0,-50.0,0,72,0,22.0,1,1,0,22.0,0,0,0,0
350,2024-05-16 15:30:00,9.93,-0.0,0,0,0.0,-50.0,0,72,0.0,0.0,1,0,0,0.0,0,0,0,0
351,2024-05-16 15:45:00,29.8,-0.0,0,0,0.0,-50.0,0,72,0.0,0.0,1,0,0,0.0,0,0,0,0
352,2024-05-16 16:00:00,-53.47,-11.0,0,0,0.0,-50.0,0,83,0,11.0,2,1,0,0.0,0,11.0,0,0
353,2024-05-16 16:15:00,4.6,-11.0,0,0,0.0,-50.0,0,83,0,11.0,2,1,0,0.0,0,11.0,0,0
354,2024-05-16 16:30:00,28.5,-11.0,0,0,0.0,-50.0,0,83,0,11.0,2,1,0,0.0,0,11.0,0,0
355,2024-05-16 16:45:00,54.92,-11.0,0,0,0.0,-50.0,0,83,0,11.0,2,1,0,0.0,0,11.0,0,0
356,2024-05-16 17:00:00,-15.02,-11.0,0,0,0.0,-50.0,0,83,0,11.0,2,1,0,0.0,0,11.0,0,0
357,2024-05-16 17:15:00,26.44,-44.0,0,0,0.0,-50.0,0,100.0,0,44.0,4,3,22.0,0.0,0,11.0,11.0,0
358,2024-05-16 17:30:00,46.2,-22.0,0,0,0.0,-50.0,0,100.0,0,22.0,4,2,0.0,0.0,0,11.0,11.0,0
359,2024-05-16 17:45:00,89.3,-22.0,0,0,0.0,-50.0,0,100.0,0,22.0,4,2,0.0,0.0,0,11.0,11.0,0
360,2024-05-16 18:00:00,9.98,-22.0,0,0,0.0,-50.0,0,100.0,0,22.0,4,2,0.0,0.0,0,11.0,11.0,0
361,2024-05-16 18:15:00,49.97,-22.0,0,0,0.0,-50.0,0,100.0,0,22.0,4,2,0.0,0.0,0,11.0,11.0,0
362,2024-05-16 18:30:00,84.99,-11.0,0,0,0.0,-50.0,0,100.0,0,11.0,5,1,0.0,0.0,0,0.0,0.0,11.0
363,2024-05-16 18:45:00,137.5,-11.0,0,0,0.0,-50.0,0,100.0,0,11.0,5,1,0.0,0.0,0,0.0,0.0,11.0
364,2024-05-16 19:00:00,59.98,-11.0,0,0,0.0,-50.0,0,100.0,0,11.0,5,1,0.0,0.0,0,0.0,0.0,11.0
365,2024-05-16 19:15:00,84.96,-33.0,0,0,0.0,-50.0,0,100.0,0,33.0,6,2,0.0,0.0,22.0,0.0,0.0,11.0
366,2024-05-16 19:30:00,100.0,-11.0,0,0,0.0,-50.0,0,100.0,0,11.0,6,1,0.0,0.0,0.0,0.0,0.0,11.0
367,2024-05-16 19:45:00,120.88,-11.0,0,0,0.0,-50.0,0,100.0,0,11.0,6,1,0.0,0.0,0.0,0.0,0.0,11.0
368,2024-05-16 20:00:00,106.25,-0.0,0,0,0.0,-50.0,0,100.0,0.0,0.0,6,0,0.0,0.0,0.0,0.0,0.0,0.0
369,2024-05-16 20:15:00,99.95,-0.0,0,0,0.0,-50.0,0,100.0,0.0,0.0,6,0,0.0,0.0,0.0,0.0,0.0,0.0
370,2024-05-16 20:30:00,104.92,-0.0,0,0,0.0,-50.0,0,100.0,0.0,0.0,6,0,0.0,0.0,0.0,0.0,0.0,0.0
371,2024-05-16 20:45:00,109.92,-0.0,0,0,0.0,-50.0,0,100.0,0.0,0.0,6,0,0.0,0.0,0.0,0.0,0.0,0.0
372,2024-05-16 21:00:00,100.0,-0.0,0,0,0.0,-50.0,0,100.0,0.0,0.0,6,0,0.0,0.0,0.0,0.0,0.0,0.0
373,2024-05-16 21:15:00,99.91,-0.0,0,0,0.0,-50.0,0,100.0,0.0,0.0,6,0,0.0,0.0,0.0,0.0,0.0,0.0
374,2024-05-16 21:30:00,86.83,-0.0,0,0,0.0,-50.0,0,100.0,0.0,0.0,6,0,0.0,0.0,0.0,0.0,0.0,0.0
375,2024-05-16 21:45:00,69.1,-0.0,0,0,0.0,-50.0,0,100.0,0.0,0.0,6,0,0.0,0.0,0.0,0.0,0.0,0.0
376,2024-05-16 22:00:00,109.95,-0.0,0,0,0.0,-50.0,0,100.0,0.0,0.0,6,0,0.0,0.0,0.0,0.0,0.0,0.0
377,2024-05-16 22:15:00,80.1,-0.0,0,0,0.0,-50.0,0,100.0,0.0,0.0,6,0,0.0,0.0,0.0,0.0,0.0,0.0
378,2024-05-16 22:30:00,66.7,-0.0,0,0,0.0,-50.0,0,100.0,0.0,0.0,6,0,0.0,0.0,0.0,0.0,0.0,0.0
379,2024-05-16 22:45:00,48.06,-0.0,0,0,0.0,-50.0,0,100.0,0.0,0.0,6,0,0.0,0.0,0.0,0.0,0.0,0.0
380,2024-05-16 23:00:00,99.9,-0.0,0,0,0.0,-50.0,0,100.0,0.0,0.0,6,0,0.0,0.0,0.0,0.0,0.0,0.0
381,2024-05-16 23:15:00,76.73,-0.0,0,0,0.0,-50.0,0,100.0,0.0,0.0,6,0,0.0,0.0,0.0,0.0,0.0,0.0
382,2024-05-16 23:30:00,55.9,-0.0,0,0,0.0,-50.0,0,100.0,0.0,0.0,6,0,0.0,0.0,0.0,0.0,0.0,0.0
383,2024-05-16 23:45:00,42.5,-0.0,0,0,0.0,-50.0,0,100.0,0.0,0.0,6,0,0.0,0.0,0.0,0.0,0.0,0.0
384,2024-05-17 00:00:00,79.97,-0.0,0,0,0.0,-50.0,0,100.0,0.0,0.0,6,0,0.0,0.0,0.0,0.0,0.0,0.0
385,2024-05-17 00:15:00,72.46,-0.0,0,0,0.0,-50.0,0,100.0,0.0,0.0,6,0,0.0,0.0,0.0,0.0,0.0,0.0
386,2024-05-17 00:30:00,65.14,-0.0,0,0,0.0,-50.0,0,100.0,0.0,0.0,6,0,0.0,0.0,0.0,0.0,0.0,0.0
387,2024-05-17 00:45:00,59.99,-0.0,0,0,0.0,-50.0,0,100.0,0.0,0.0,6,0,0.0,0.0,0.0,0.0,0.0,0.0
388,2024-05-17 01:00:00,75.91,-0.0,0,0,0.0,-50.0,0,100.0,0.0,0.0,6,0,0.0,0.0,0.0,0.0,0.0,0.0
389,2024-05-17 01:15:00,62.5,-0.0,0,0,0.0,-50.0,0,100.0,0.0,0.0,6,0,0.0,0.0,0.0,0.0,0.0,0.0
390,2024-05-17 01:30:00,69.53,-0.0,0,0,0.0,-50.0,0,100.0,0.0,0.0,6,0,0.0,0.0,0.0,0.0,0.0,0.0
391,2024-05-17 01:45:00,51.98,-0.0,0,0,0.0,-50.0,0,100.0,0.0,0.0,6,0,0.0,0.0,0.0,0.0,0.0,0.0
392,2024-05-17 02:00:00,63.97,-0.0,0,0,0.0,-50.0,0,100.0,0.0,0.0,6,0,0.0,0.0,0.0,0.0,0.0,0.0
393,2024-05-17 02:15:00,55.92,-0.0,0,0,0.0,-50.0,0,100.0,0.0,0.0,6,0,0.0,0.0,0.0,0.0,0.0,0.0
394,2024-05-17 02:30:00,54.72,-0.0,0,0,0.0,-50.0,0,100.0,0.0,0.0,6,0,0.0,0.0,0.0,0.0,0.0,0.0
395,2024-05-17 02:45:00,43.99,-0.0,0,0,0.0,-50.0,0,100.0,0.0,0.0,6,0,0.0,0.0,0.0,0.0,0.0,0.0
396,2024-05-17 03:00:00,49.93,-0.0,0,0,0.0,-50.0,0,100.0,0.0,0.0,6,0,0.0,0.0,0.0,0.0,0.0,0.0
397,2024-05-17 03:15:00,49.9,-0.0,0,0,0.0,-50.0,0,100.0,0.0,0.0,6,0,0.0,0.0,0.0,0.0,0.0,0.0
398,2024-05-17 03:30:00,52.4,-0.0,0,0,0.0,-50.0,0,100.0,0.0,0.0,6,0,0.0,0.0,0.0,0.0,0.0,0.0
399,2024-05-17 03:45:00,54.59,-0.0,0,0,0.0,-50.0,0,100.0,0.0,0.0,6,0,0.0,0.0,0.0,0.0,0.0,0.0
400,2024-05-17 04:00:00,46.09,-0.0,0,0,0.0,-50.0,0,100.0,0.0,0.0,6,0,0.0,0.0,0.0,0.0,0.0,0.0
401,2024-05-17 04:15:00,47.96,-0.0,0,0,0.0,-50.0,0,100.0,0.0,0.0,6,0,0.0,0.0,0.0,0.0,0.0,0.0
402,2024-05-17 04:30:00,55.98,-0.0,0,0,0.0,-50.0,0,100.0,0.0,0.0,6,0,0.0,0.0,0.0,0.0,0.0,0.0
403,2024-05-17 04:45:00,67.99,-0.0,0,0,0.0,-50.0,0,100.0,0.0,0.0,6,0,0.0,0.0,0.0,0.0,0.0,0.0
404,2024-05-17 05:00:00,40.0,-0.0,0,0,0.0,-50.0,0,100.0,0.0,0.0,6,0,0.0,0.0,0.0,0.0,0.0,0.0
405,2024-05-17 05:15:00,51.97,-0.0,0,0,0.0,-50.0,0,100.0,0.0,0.0,6,0,0.0,0.0,0.0,0.0,0.0,0.0
406,2024-05-17 05:30:00,70.05,-0.0,0,0,0.0,-50.0,0,100.0,0.0,0.0,6,0,0.0,0.0,0.0,0.0,0.0,0.0
407,2024-05-17 05:45:00,94.94,-0.0,0,0,0.0,-50.0,0,100.0,0.0,0.0,6,0,0.0,0.0,0.0,0.0,0.0,0.0
408,2024-05-17 06:00:00,74.92,-0.0,0,0,0.0,-50.0,0,100.0,0.0,0.0,6,0,0.0,0.0,0.0,0.0,0.0,0.0
409,2024-05-17 06:15:00,77.42,-0.0,0,0,0.0,-50.0,0,100.0,0.0,0.0,6,0,0.0,0.0,0.0,0.0,0.0,0.0
410,2024-05-17 06:30:00,89.91,-0.0,0,0,0.0,-50.0,0,100.0,0.0,0.0,6,0,0.0,0.0,0.0,0.0,0.0,0.0
411,2024-05-17 06:45:00,104.32,-0.0,0,0,0.0,-50.0,0,100.0,0.0,0.0,6,0,0.0,0.0,0.0,0.0,0.0,0.0
412,2024-05-17 07:00:00,95.92,-0.0,0,0,0.0,-50.0,0,100.0,0.0,0.0,6,0,0.0,0.0,0.0,0.0,0.0,0.0
413,2024-05-17 07:15:00,89.98,-0.0,0,0,0.0,-50.0,0,100.0,0.0,0.0,5,0,0.0,0.0,0.0,0.0,0.0,0
414,2024-05-17 07:30:00,99.94,-0.0,0,0,0.0,-50.0,0,100.0,0.0,0.0,5,0,0.0,0.0,0.0,0.0,0.0,0
415,2024-05-17 07:45:00,111.1,-0.0,0,0,0.0,-50.0,0,94,0.0,0.0,3,0,0,0,0.0,0.0,0.0,0
416,2024-05-17 08:00:00,119.3,-0.0,0,0,0.0,-50.0,0,94,0.0,0.0,3,0,0,0,0.0,0.0,0.0,0
417,2024-05-17 08:15:00,91.97,-0.0,0,0,0.0,-50.0,0,61,0.0,0.0,1,0,0,0,0,0.0,0,0
418,2024-05-17 08:30:00,91.91,-0.0,0,0,0.0,-50.0,0,61,0.0,0.0,1,0,0,0,0,0.0,0,0
419,2024-05-17 08:45:00,67.58,-0.0,0,0,0.0,-50.0,0,61,0.0,0.0,1,0,0,0,0,0.0,0,0
420,2024-05-17 09:00:00,100.3,0,0,0,0.0,-50.0,0,50,0,0,0,0,0,0,0,0,0,0
421,2024-05-17 09:15:00,80.0,0,0,0,0.0,-50.0,0,50,0,0,0,0,0,0,0,0,0,0
422,2024-05-17 09:30:00,79.9,0,0,0,0.0,-50.0,0,50,0,0,0,0,0,0,0,0,0,0
423,2024-05-17 09:45:00,59.09,0,0,0,0.0,-50.0,0,50,0,0,0,0,0,0,0,0,0,0
424,2024-05-17 10:00:00,89.9,0,0,0,0.0,-50.0,0,50,0,0,0,0,0,0,0,0,0,0
425,2024-05-17 10:15:00,51.97,0,0,0,0.0,-50.0,0,50,0,0,0,0,0,0,0,0,0,0
426,2024-05-17 10:30:00,49.62,0,0,0,0.0,-50.0,0,50,0,0,0,0,0,0,0,0,0,0
427,2024-05-17 10:45:00,37.58,0,0,0,0.0,-50.0,0,50,0,0,0,0,0,0,0,0,0,0
428,2024-05-17 11:00:00,84.9,0,0,0,0.0,-50.0,0,50,0,0,0,0,0,0,0,0,0,0
429,2024-05-17 11:15:00,40.09,0,0,0,0.0,-50.0,0,50,0,0,0,0,0,0,0,0,0,0
430,2024-05-17 11:30:00,34.71,0,0,0,0.0,-50.0,0,50,0,0,0,0,0,0,0,0,0,0
431,2024-05-17 11:45:00,25.1,0,0,0,0.0,-50.0,0,50,0,0,0,0,0,0,0,0,0,0
432,2024-05-17 12:00:00,47.99,0,0,0,0.0,-50.0,0,50,0,0,0,0,0,0,0,0,0,0
433,2024-05-17 12:15:00,29.18,0,0,0,0.0,-50.0,0,50,0,0,0,0,0,0,0,0,0,0
434,2024-05-17 12:30:00,19.0,0,0,0,0.0,-50.0,0,50,0,0,0,0,0,0,0,0,0,0
435,2024-05-17 12:45:00,10.0,0,0,0,0.0,-50.0,0,50,0,0,0,0,0,0,0,0,0,0
436,2024-05-17 13:00:00,45.02,0,0,0,0.0,-50.0,0,50,0,0,0,0,0,0,0,0,0,0
437,2024-05-17 13:15:00,32.5,0,0,0,0.0,-50.0,0,50,0,0,0,0,0,0,0,0,0,0
438,2024-05-17 13:30:00,20.0,0,0,0,0.0,-50.0,0,50,0,0,0,0,0,0,0,0,0,0
439,2024-05-17 13:45:00,-1.48,0,0,0,0.0,-50.0,0,50,0,0,0,0,0,0,0,0,0,0
440,2024-05-17 14:00:00,17.74,0,0,0,0.0,-50.0,0,50,0,0,0,0,0,0,0,0,0,0
441,2024-05-17 14:15:00,20.04,0,0,0,0.0,-50.0,0,50,0,0,0,0,0,0,0,0,0,0
442,2024-05-17 14:30:00,17.55,0,0,0,0.0,-50.0,0,50,0,0,0,0,0,0,0,0,0,0
443,2024-05-17 14:45:00,20.1,0,0,0,0.0,-50.0,0,50,0,0,0,0,0,0,0,0,0,0
444,2024-05-17 15:00:00,15.1,-22.0,0,0,0.0,-50.0,0,72,0,22.0,1,1,22.0,0,0,0,0,0
445,2024-05-17 15:15:00,17.59,-22.0,0,0,0.0,-50.0,0,72,0,22.0,1,1,22.0,0,0,0,0,0
446,2024-05-17 15:30:00,22.68,-11.0,0,0,0.0,-50.0,0,83,0,11.0,2,1,0.0,0,0,0,0,11.0
447,2024-05-17 15:45:00,62.4,-33.0,0,0,0.0,-50.0,0,100.0,0,33.0,3,2,0.0,22.0,0,0,0,11.0
448,2024-05-17 16:00:00,15.08,-22.0,0,0,0.0,-50.0,0,100.0,0,22.0,4,2,0.0,0.0,0,0,11.0,11.0
449,2024-05-17 16:15:00,40.03,-44.0,0,0,0.0,-50.0,0,100.0,0,44.0,5,3,0.0,0.0,22.0,0,11.0,11.0
450,2024-05-17 16:30:00,36.74,-22.0,0,0,0.0,-50.0,0,100.0,0,22.0,5,2,0.0,0.0,0.0,0,11.0,11.0
451,2024-05-17 16:45:00,79.91,-22.0,0,0,0.0,-50.0,0,100.0,0,22.0,5,2,0.0,0.0,0.0,0,11.0,11.0
452,2024-05-17 17:00:00,17.6,-22.0,0,0,0.0,-50.0,0,100.0,0,22.0,5,2,0.0,0.0,0.0,0,11.0,11.0
453,2024-05-17 17:15:00,69.91,-22.0,0,0,0.0,-50.0,0,100.0,0,22.0,5,2,0.0,0.0,0.0,0,11.0,11.0
454,2024-05-17 17:30:00,68.34,-11.0,0,0,0.0,-50.0,0,100.0,0,11.0,5,1,0.0,0.0,0.0,0,11.0,0.0
455,2024-05-17 17:45:00,115.9,-22.0,0,0,0.0,-50.0,0,100.0,0,22.0,6,2,0.0,0.0,0.0,11.0,11.0,0.0
456,2024-05-17 18:00:00,49.88,-11.0,0,0,0.0,-50.0,0,100.0,0,11.0,6,1,0.0,0.0,0.0,11.0,0.0,0.0
457,2024-05-17 18:15:00,75.2,-11.0,0,0,0.0,-50.0,0,100.0,0,11.0,6,1,0.0,0.0,0.0,11.0,0.0,0.0
458,2024-05-17 18:30:00,91.96,-11.0,0,0,0.0,-50.0,0,100.0,0,11.0,6,1,0.0,0.0,0.0,11.0,0.0,0.0
459,2024-05-17 18:45:00,132.0,-11.0,0,0,0.0,-50.0,0,100.0,0,11.0,6,1,0.0,0.0,0.0,11.0,0.0,0.0
460,2024-05-17 19:00:00,83.57,-11.0,0,0,0.0,-50.0,0,100.0,0,11.0,6,1,0.0,0.0,0.0,11.0,0.0,0.0
461,2024-05-17 19:15:00,91.97,-11.0,0,0,0.0,-50.0,0,100.0,0,11.0,6,1,0.0,0.0,0.0,11.0,0.0,0.0
462,2024-05-17 19:30:00,114.92,-11.0,0,0,0.0,-50.0,0,100.0,0,11.0,6,1,0.0,0.0,0.0,11.0,0.0,0.0
463,2024-05-17 19:45:00,127.9,-11.0,0,0,0.0,-50.0,0,100.0,0,11.0,6,1,0.0,0.0,0.0,11.0,0.0,0.0
464,2024-05-17 20:00:00,139.99,-11.0,0,0,0.0,-50.0,0,100.0,0,11.0,6,1,0.0,0.0,0.0,11.0,0.0,0.0
465,2024-05-17 20:15:00,112.44,-0.0,0,0,0.0,-50.0,0,100.0,0.0,0.0,6,0,0.0,0.0,0.0,0.0,0.0,0.0
466,2024-05-17 20:30:00,111.95,-0.0,0,0,0.0,-50.0,0,100.0,0.0,0.0,6,0,0.0,0.0,0.0,0.0,0.0,0.0
467,2024-05-17 20:45:00,99.27,-0.0,0,0,0.0,-50.0,0,100.0,0.0,0.0,6,0,0.0,0.0,0.0,0.0,0.0,0.0
468,2024-05-17 21:00:00,115.92,-0.0,0,0,0.0,-50.0,0,100.0,0.0,0.0,6,0,0.0,0.0,0.0,0.0,0.0,0.0
469,2024-05-17 21:15:00,95.33,-0.0,0,0,0.0,-50.0,0,100.0,0.0,0.0,6,0,0.0,0.0,0.0,0.0,0.0,0.0
470,2024-05-17 21:30:00,86.6,-0.0,0,0,0.0,-50.0,0,100.0,0.0,0.0,6,0,0.0,0.0,0.0,0.0,0.0,0.0
471,2024-05-17 21:45:00,78.3,-0.0,0,0,0.0,-50.0,0,100.0,0.0,0.0,6,0,0.0,0.0,0.0,0.0,0.0,0.0
472,2024-05-17 22:00:00,117.4,-0.0,0,0,0.0,-50.0,0,100.0,0.0,0.0,6,0,0.0,0.0,0.0,0.0,0.0,0.0
473,2024-05-17 22:15:00,90.0,-0.0,0,0,0.0,-50.0,0,100.0,0.0,0.0,6,0,0.0,0.0,0.0,0.0,0.0,0.0
474,2024-05-17 22:30:00,76.0,-0.0,0,0,0.0,-50.0,0,100.0,0.0,0.0,6,0,0.0,0.0,0.0,0.0,0.0,0.0
475,2024-05-17 22:45:00,63.9,-0.0,0,0,0.0,-50.0,0,100.0,0.0,0.0,6,0,0.0,0.0,0.0,0.0,0.0,0.0
476,2024-05-17 23:00:00,95.98,-0.0,0,0,0.0,-50.0,0,100.0,0.0,0.0,6,0,0.0,0.0,0.0,0.0,0.0,0.0
477,2024-05-17 23:15:00,79.98,-0.0,0,0,0.0,-50.0,0,100.0,0.0,0.0,6,0,0.0,0.0,0.0,0.0,0.0,0.0
478,2024-05-17 23:30:00,68.0,-0.0,0,0,0.0,-50.0,0,100.0,0.0,0.0,6,0,0.0,0.0,0.0,0.0,0.0,0.0
479,2024-05-17 23:45:00,61.3,-0.0,0,0,0.0,-50.0,0,100.0,0.0,0.0,6,0,0.0,0.0,0.0,0.0,0.0,0.0
480,2024-05-18 00:00:00,93.0,-0.0,0,0,0.0,-50.0,0,100.0,0.0,0.0,6,0,0.0,0.0,0.0,0.0,0.0,0.0
481,2024-05-18 00:15:00,78.52,-0.0,0,0,0.0,-50.0,0,100.0,0.0,0.0,6,0,0.0,0.0,0.0,0.0,0.0,0.0
482,2024-05-18 00:30:00,64.98,-0.0,0,0,0.0,-50.0,0,100.0,0.0,0.0,6,0,0.0,0.0,0.0,0.0,0.0,0.0
483,2024-05-18 00:45:00,64.94,-0.0,0,0,0.0,-50.0,0,100.0,0.0,0.0,6,0,0.0,0.0,0.0,0.0,0.0,0.0
484,2024-05-18 01:00:00,74.95,-0.0,0,0,0.0,-50.0,0,100.0,0.0,0.0,6,0,0.0,0.0,0.0,0.0,0.0,0.0
485,2024-05-18 01:15:00,68.97,-0.0,0,0,0.0,-50.0,0,100.0,0.0,0.0,6,0,0.0,0.0,0.0,0.0,0.0,0.0
486,2024-05-18 01:30:00,65.21,-0.0,0,0,0.0,-50.0,0,100.0,0.0,0.0,6,0,0.0,0.0,0.0,0.0,0.0,0.0
487,2024-05-18 01:45:00,64.91,-0.0,0,0,0.0,-50.0,0,100.0,0.0,0.0,6,0,0.0,0.0,0.0,0.0,0.0,0.0
488,2024-05-18 02:00:00,69.92,-0.0,0,0,0.0,-50.0,0,100.0,0.0,0.0,6,0,0.0,0.0,0.0,0.0,0.0,0.0
489,2024-05-18 02:15:00,64.91,-0.0,0,0,0.0,-50.0,0,100.0,0.0,0.0,6,0,0.0,0.0,0.0,0.0,0.0,0.0
490,2024-05-18 02:30:00,64.92,-0.0,0,0,0.0,-50.0,0,100.0,0.0,0.0,6,0,0.0,0.0,0.0,0.0,0.0,0.0
491,2024-05-18 02:45:00,68.91,-0.0,0,0,0.0,-50.0,0,100.0,0.0,0.0,6,0,0.0,0.0,0.0,0.0,0.0,0.0
492,2024-05-18 03:00:00,64.02,-0.0,0,0,0.0,-50.0,0,100.0,0.0,0.0,6,0,0.0,0.0,0.0,0.0,0.0,0.0
493,2024-05-18 03:15:00,64.91,-0.0,0,0,0.0,-50.0,0,100.0,0.0,0.0,6,0,0.0,0.0,0.0,0.0,0.0,0.0
494,2024-05-18 03:30:00,64.92,-0.0,0,0,0.0,-50.0,0,100.0,0.0,0.0,6,0,0.0,0.0,0.0,0.0,0.0,0.0
495,2024-05-18 03:45:00,68.98,-0.0,0,0,0.0,-50.0,0,100.0,0.0,0.0,6,0,0.0,0.0,0.0,0.0,0.0,0.0
496,2024-05-18 04:00:00,59.19,-0.0,0,0,0.0,-50.0,0,100.0,0.0,0.0,6,0,0.0,0.0,0.0,0.0,0.0,0.0
497,2024-05-18 04:15:00,60.98,-0.0,0,0,0.0,-50.0,0,100.0,0.0,0.0,6,0,0.0,0.0,0.0,0.0,0.0,0.0
498,2024-05-18 04:30:00,68.92,-0.0,0,0,0.0,-50.0,0,100.0,0.0,0.0,6,0,0.0,0.0,0.0,0.0,0.0,0.0
499,2024-05-18 04:45:00,74.92,-0.0,0,0,0.0,-50.0,0,100.0,0.0,0.0,6,0,0.0,0.0,0.0,0.0,0.0,0.0
500,2024-05-18 05:00:00,48.95,-0.0,0,0,0.0,-50.0,0,100.0,0.0,0.0,6,0,0.0,0.0,0.0,0.0,0.0,0.0
501,2024-05-18 05:15:00,62.4,-0.0,0,0,0.0,-50.0,0,100.0,0.0,0.0,6,0,0.0,0.0,0.0,0.0,0.0,0.0
502,2024-05-18 05:30:00,64.95,-0.0,0,0,0.0,-50.0,0,100.0,0.0,0.0,6,0,0.0,0.0,0.0,0.0,0.0,0.0
503,2024-05-18 05:45:00,84.93,-0.0,0,0,0.0,-50.0,0,100.0,0.0,0.0,6,0,0.0,0.0,0.0,0.0,0.0,0.0
504,2024-05-18 06:00:00,74.74,-0.0,0,0,0.0,-50.0,0,100.0,0.0,0.0,6,0,0.0,0.0,0.0,0.0,0.0,0.0
505,2024-05-18 06:15:00,68.96,-0.0,0,0,0.0,-50.0,0,100.0,0.0,0.0,6,0,0.0,0.0,0.0,0.0,0.0,0.0
506,2024-05-18 06:30:00,64.95,-0.0,0,0,0.0,-50.0,0,100.0,0.0,0.0,6,0,0.0,0.0,0.0,0.0,0.0,0.0
507,2024-05-18 06:45:00,64.97,-0.0,0,0,0.0,-50.0,0,100.0,0.0,0.0,6,0,0.0,0.0,0.0,0.0,0.0,0.0
508,2024-05-18 07:00:00,77.66,-0.0,0,0,0.0,-50.0,0,100.0,0.0,0.0,6,0,0.0,0.0,0.0,0.0,0.0,0.0
509,2024-05-18 07:15:00,69.92,-0.0,0,0,0.0,-50.0,0,100.0,0.0,0.0,5,0,0.0,0,0.0,0.0,0.0,0.0
510,2024-05-18 07:30:00,64.9,-0.0,0,0,0.0,-50.0,0,100.0,0.0,0.0,5,0,0.0,0,0.0,0.0,0.0,0.0
511,2024-05-18 07:45:00,60.99,-0.0,0,0,0.0,-50.0,0,100.0,0.0,0.0,4,0,0,0,0.0,0.0,0.0,0.0
512,2024-05-18 08:00:00,84.98,-0.0,0,0,0.0,-50.0,0,100.0,0.0,0.0,4,0,0,0,0.0,0.0,0.0,0.0
513,2024-05-18 08:15:00,64.99,-0.0,0,0,0.0,-50.0,0,83,0.0,0.0,3,0,0,0,0,0.0,0.0,0.0
514,2024-05-18 08:30:00,52.93,-0.0,0,0,0.0,-50.0,0,83,0.0,0.0,3,0,0,0,0,0.0,0.0,0.0
515,2024-05-18 08:45:00,25.06,-0.0,0,0,0.0,-50.0,0,83,0.0,0.0,3,0,0,0,0,0.0,0.0,0.0
516,2024-05-18 09:00:00,84.92,-0.0,0,0,0.0,-50.0,0,83,0.0,0.0,3,0,0,0,0,0.0,0.0,0.0
517,2024-05-18 09:15:00,52.94,-0.0,0,0,0.0,-50.0,0,83,0.0,0.0,3,0,0,0,0,0.0,0.0,0.0
518,2024-05-18 09:30:00,25.7,-0.0,0,0,0.0,-50.0,0,83,0.0,0.0,3,0,0,0,0,0.0,0.0,0.0
519,2024-05-18 09:45:00,0.45,-0.0,0,0,0.0,-50.0,0,83,0.0,0.0,3,0,0,0,0,0.0,0.0,0.0
520,2024-05-18 10:00:00,47.96,-0.0,0,0,0.0,-50.0,0,83,0.0,0.0,3,0,0,0,0,0.0,0.0,0.0
521,2024-05-18 10:15:00,25.06,-0.0,0,0,0.0,-50.0,0,83,0.0,0.0,3,0,0,0,0,0.0,0.0,0.0
522,2024-05-18 10:30:00,8.99,-0.0,0,0,0.0,-50.0,0,83,0.0,0.0,3,0,0,0,0,0.0,0.0,0.0
523,2024-05-18 10:45:00,-9.5,-0.0,0,0,0.0,-50.0,0,83,0.0,0.0,3,0,0,0,0,0.0,0.0,0.0
524,2024-05-18 11:00:00,28.97,-0.0,0,0,0.0,-50.0,0,83,0.0,0.0,3,0,0,0,0,0.0,0.0,0.0
525,2024-05-18 11:15:00,13.16,-0.0,0,0,0.0,-50.0,0,83,0.0,0.0,3,0,0,0,0,0.0,0.0,0.0
526,2024-05-18 11:30:00,-0.05,-0.0,0,0,0.0,-50.0,0,83,0.0,0.0,3,0,0,0,0,0.0,0.0,0.0
527,2024-05-18 11:45:00,-7.08,-0.0,0,0,0.0,-50.0,0,83,0.0,0.0,3,0,0,0,0,0.0,0.0,0.0
528,2024-05-18 12:00:00,21.0,-0.0,0,0,0.0,-50.0,0,83,0.0,0.0,3,0,0,0,0,0.0,0.0,0.0
529,2024-05-18 12:15:00,8.92,-0.0,0,0,0.0,-50.0,0,83,0.0,0.0,3,0,0,0,0,0.0,0.0,0.0
530,2024-05-18 12:30:00,-2.76,-0.0,0,0,0.0,-50.0,0,83,0.0,0.0,3,0,0,0,0,0.0,0.0,0.0
531,2024-05-18 12:45:00,-23.04,-0.0,0,0,0.0,-50.0,0,83,0.0,0.0,3,0,0,0,0,0.0,0.0,0.0
532,2024-05-18 13:00:00,15.09,-0.0,0,0,0.0,-50.0,0,83,0.0,0.0,3,0,0,0,0,0.0,0.0,0.0
533,2024-05-18 13:15:00,5.07,-0.0,0,0,0.0,-50.0,0,83,0.0,0.0,3,0,0,0,0,0.0,0.0,0.0
534,2024-05-18 13:30:00,-6.8,-0.0,0,0,0.0,-50.0,0,83,0.0,0.0,3,0,0,0,0,0.0,0.0,0.0
535,2024-05-18 13:45:00,-16.43,-0.0,0,0,0.0,-50.0,0,83,0.0,0.0,3,0,0,0,0,0.0,0.0,0.0
536,2024-05-18 14:00:00,-9.93,-0.0,0,0,0.0,-50.0,0,83,0.0,0.0,3,0,0,0,0,0.0,0.0,0.0
537,2024-05-18 14:15:00,-3.2,-0.0,0,0,0.0,-50.0,0,83,0.0,0.0,3,0,0,0,0,0.0,0.0,0.0
538,2024-05-18 14:30:00,-4.17,-0.0,0,0,0.0,-50.0,0,83,0.0,0.0,3,0,0,0,0,0.0,0.0,0.0
539,2024-05-18 14:45:00,5.09,-0.0,0,0,0.0,-50.0,0,83,0.0,0.0,3,0,0,0,0,0.0,0.0,0.0
540,2024-05-18 15:00:00,-24.96,-0.0,0,0,0.0,-50.0,0,83,0.0,0.0,3,0,0,0,0,0.0,0.0,0.0
541,2024-05-18 15:15:00,-9.93,-22.0,0,0,0.0,-50.0,0,100.0,0,22.0,4,1,0,22.0,0,0.0,0.0,0.0
542,2024-05-18 15:30:00,5.08,-0.0,0,0,0.0,-50.0,0,100.0,0.0,0.0,4,0,0,0.0,0,0.0,0.0,0.0
543,2024-05-18 15:45:00,31.04,-0.0,0,0,0.0,-50.0,0,100.0,0.0,0.0,4,0,0,0.0,0,0.0,0.0,0.0
544,2024-05-18 16:00:00,-43.0,-0.0,0,0,0.0,-50.0,0,100.0,0.0,0.0,4,0,0,0.0,0,0.0,0.0,0.0
545,2024-05-18 16:15:00,-4.96,-22.0,0,0,0.0,-50.0,0,100.0,0,22.0,5,1,0,0.0,22.0,0.0,0.0,0.0
546,2024-05-18 16:30:00,25.04,-22.0,0,0,0.0,-50.0,0,100.0,0,22.0,5,1,0,0.0,22.0,0.0,0.0,0.0
547,2024-05-18 16:45:00,58.65,-22.0,0,0,0.0,-50.0,0,100.0,0,22.0,6,1,22.0,0.0,0.0,0.0,0.0,0.0
548,2024-05-18 17:00:00,-27.1,-0.0,0,0,0.0,-50.0,0,100.0,0.0,0.0,6,0,0.0,0.0,0.0,0.0,0.0,0.0
549,2024-05-18 17:15:00,24.91,-0.0,0,0,0.0,-50.0,0,100.0,0.0,0.0,6,0,0.0,0.0,0.0,0.0,0.0,0.0
550,2024-05-18 17:30:00,56.9,-0.0,0,0,0.0,-50.0,0,100.0,0.0,0.0,6,0,0.0,0.0,0.0,0.0,0.0,0.0
551,2024-05-18 17:45:00,98.0,-0.0,0,0,0.0,-50.0,0,100.0,0.0,0.0,6,0,0.0,0.0,0.0,0.0,0.0,0.0
552,2024-05-18 18:00:00,31.9,-0.0,0,0,0.0,-50.0,0,100.0,0.0,0.0,6,0,0.0,0.0,0.0,0.0,0.0,0.0
553,2024-05-18 18:15:00,60.92,-0.0,0,0,0.0,-50.0,0,100.0,0.0,0.0,6,0,0.0,0.0,0.0,0.0,0.0,0.0
554,2024-05-18 18:30:00,90.9,-0.0,0,0,0.0,-50.0,0,100.0,0.0,0.0,6,0,0.0,0.0,0.0,0.0,0.0,0.0
555,2024-05-18 18:45:00,133.9,-0.0,0,0,0.0,-50.0,0,100.0,0.0,0.0,6,0,0.0,0.0,0.0,0.0,0.0,0.0
556,2024-05-18 19:00:00,66.5,-0.0,0,0,0.0,-50.0,0,100.0,0.0,0.0,6,0,0.0,0.0,0.0,0.0,0.0,0.0
557,2024-05-18 19:15:00,89.9,-0.0,0,0,0.0,-50.0,0,100.0,0.0,0.0,6,0,0.0,0.0,0.0,0.0,0.0,0.0
558,2024-05-18 19:30:00,114.71,-0.0,0,0,0.0,-50.0,0,100.0,0.0,0.0,6,0,0.0,0.0,0.0,0.0,0.0,0.0
559,2024-05-18 19:45:00,144.92,-0.0,0,0,0.0,-50.0,0,100.0,0.0,0.0,6,0,0.0,0.0,0.0,0.0,0.0,0.0
560,2024-05-18 20:00:00,132.99,-0.0,0,0,0.0,-50.0,0,100.0,0.0,0.0,6,0,0.0,0.0,0.0,0.0,0.0,0.0
561,2024-05-18 20:15:00,119.93,-0.0,0,0,0.0,-50.0,0,100.0,0.0,0.0,6,0,0.0,0.0,0.0,0.0,0.0,0.0
562,2024-05-18 20:30:00,112.9,-0.0,0,0,0.0,-50.0,0,100.0,0.0,0.0,6,0,0.0,0.0,0.0,0.0,0.0,0.0
563,2024-05-18 20:45:00,108.7,-0.0,0,0,0.0,-50.0,0,100.0,0.0,0.0,6,0,0.0,0.0,0.0,0.0,0.0,0.0
564,2024-05-18 21:00:00,136.53,-0.0,0,0,0.0,-50.0,0,100.0,0.0,0.0,6,0,0.0,0.0,0.0,0.0,0.0,0.0
565,2024-05-18 21:15:00,103.3,-0.0,0,0,0.0,-50.0,0,100.0,0.0,0.0,6,0,0.0,0.0,0.0,0.0,0.0,0.0
566,2024-05-18 21:30:00,93.0,-0.0,0,0,0.0,-50.0,0,100.0,0.0,0.0,6,0,0.0,0.0,0.0,0.0,0.0,0.0
567,2024-05-18 21:45:00,81.6,-0.0,0,0,0.0,-50.0,0,100.0,0.0,0.0,6,0,0.0,0.0,0.0,0.0,0.0,0.0
568,2024-05-18 22:00:00,122.5,-0.0,0,0,0.0,-50.0,0,100.0,0.0,0.0,6,0,0.0,0.0,0.0,0.0,0.0,0.0
569,2024-05-18 22:15:00,93.0,-0.0,0,0,0.0,-50.0,0,100.0,0.0,0.0,6,0,0.0,0.0,0.0,0.0,0.0,0.0
570,2024-05-18 22:30:00,84.97,-0.0,0,0,0.0,-50.0,0,100.0,0.0,0.0,6,0,0.0,0.0,0.0,0.0,0.0,0.0
571,2024-05-18 22:45:00,73.4,-0.0,0,0,0.0,-50.0,0,100.0,0.0,0.0,6,0,0.0,0.0,0.0,0.0,0.0,0.0
572,2024-05-18 23:00:00,104.93,-0.0,0,0,0.0,-50.0,0,100.0,0.0,0.0,6,0,0.0,0.0,0.0,0.0,0.0,0.0
573,2024-05-18 23:15:00,83.03,-0.0,0,0,0.0,-50.0,0,100.0,0.0,0.0,6,0,0.0,0.0,0.0,0.0,0.0,0.0
574,2024-05-18 23:30:00,73.0,-0.0,0,0,0.0,-50.0,0,100.0,0.0,0.0,6,0,0.0,0.0,0.0,0.0,0.0,0.0
575,2024-05-18 23:45:00,64.99,-0.0,0,0,0.0,-50.0,0,100.0,0.0,0.0,6,0,0.0,0.0,0.0,0.0,0.0,0.0
576,2024-05-19 00:00:00,95.4,-0.0,0,0,0.0,-50.0,0,100.0,0.0,0.0,6,0,0.0,0.0,0.0,0.0,0.0,0.0
577,2024-05-19 00:15:00,79.0,-0.0,0,0,0.0,-50.0,0,100.0,0.0,0.0,6,0,0.0,0.0,0.0,0.0,0.0,0.0
578,2024-05-19 00:30:00,71.6,-0.0,0,0,0.0,-50.0,0,100.0,0.0,0.0,6,0,0.0,0.0,0.0,0.0,0.0,0.0
579,2024-05-19 00:45:00,66.0,-0.0,0,0,0.0,-50.0,0,100.0,0.0,0.0,6,0,0.0,0.0,0.0,0.0,0.0,0.0
580,2024-05-19 01:00:00,84.92,-0.0,0,0,0.0,-50.0,0,100.0,0.0,0.0,6,0,0.0,0.0,0.0,0.0,0.0,0.0
581,2024-05-19 01:15:00,73.31,-0.0,0,0,0.0,-50.0,0,100.0,0.0,0.0,6,0,0.0,0.0,0.0,0.0,0.0,0.0
582,2024-05-19 01:30:00,72.92,-0.0,0,0,0.0,-50.0,0,100.0,0.0,0.0,6,0,0.0,0.0,0.0,0.0,0.0,0.0
583,2024-05-19 01:45:00,65.76,-0.0,0,0,0.0,-50.0,0,100.0,0.0,0.0,6,0,0.0,0.0,0.0,0.0,0.0,0.0
584,2024-05-19 02:00:00,73.25,-0.0,0,0,0.0,-50.0,0,100.0,0.0,0.0,6,0,0.0,0.0,0.0,0.0,0.0,0.0
585,2024-05-19 02:15:00,68.96,-0.0,0,0,0.0,-50.0,0,100.0,0.0,0.0,6,0,0.0,0.0,0.0,0.0,0.0,0.0
586,2024-05-19 02:30:00,68.94,-0.0,0,0,0.0,-50.0,0,100.0,0.0,0.0,6,0,0.0,0.0,0.0,0.0,0.0,0.0
587,2024-05-19 02:45:00,64.97,-0.0,0,0,0.0,-50.0,0,100.0,0.0,0.0,6,0,0.0,0.0,0.0,0.0,0.0,0.0
588,2024-05-19 03:00:00,72.97,-0.0,0,0,0.0,-50.0,0,100.0,0.0,0.0,6,0,0.0,0.0,0.0,0.0,0.0,0.0
589,2024-05-19 03:15:00,70.69,-0.0,0,0,0.0,-50.0,0,100.0,0.0,0.0,6,0,0.0,0.0,0.0,0.0,0.0,0.0
590,2024-05-19 03:30:00,68.99,-0.0,0,0,0.0,-50.0,0,100.0,0.0,0.0,6,0,0.0,0.0,0.0,0.0,0.0,0.0
591,2024-05-19 03:45:00,64.99,-0.0,0,0,0.0,-50.0,0,100.0,0.0,0.0,6,0,0.0,0.0,0.0,0.0,0.0,0.0
592,2024-05-19 04:00:00,81.56,-0.0,0,0,0.0,-50.0,0,100.0,0.0,0.0,6,0,0.0,0.0,0.0,0.0,0.0,0.0
593,2024-05-19 04:15:00,60.97,-0.0,0,0,0.0,-50.0,0,100.0,0.0,0.0,6,0,0.0,0.0,0.0,0.0,0.0,0.0
594,2024-05-19 04:30:00,64.96,-0.0,0,0,0.0,-50.0,0,100.0,0.0,0.0,6,0,0.0,0.0,0.0,0.0,0.0,0.0
595,2024-05-19 04:45:00,68.96,-0.0,0,0,0.0,-50.0,0,100.0,0.0,0.0,6,0,0.0,0.0,0.0,0.0,0.0,0.0
596,2024-05-19 05:00:00,89.93,-0.0,0,0,0.0,-50.0,0,100.0,0.0,0.0,6,0,0.0,0.0,0.0,0.0,0.0,0.0
597,2024-05-19 05:15:00,61.0,-0.0,0,0,0.0,-50.0,0,100.0,0.0,0.0,6,0,0.0,0.0,0.0,0.0,0.0,0.0
598,2024-05-19 05:30:00,60.96,-0.0,0,0,0.0,-50.0,0,100.0,0.0,0.0,6,0,0.0,0.0,0.0,0.0,0.0,0.0
599,2024-05-19 05:45:00,67.8,-0.0,0,0,0.0,-50.0,0,100.0,0.0,0.0,6,0,0.0,0.0,0.0,0.0,0.0,0.0
600,2024-05-19 06:00:00,82.84,-0.0,0,0,0.0,-50.0,0,100.0,0.0,0.0,6,0,0.0,0.0,0.0,0.0,0.0,0.0
601,2024-05-19 06:15:00,61.0,-0.0,0,0,0.0,-50.0,0,100.0,0.0,0.0,6,0,0.0,0.0,0.0,0.0,0.0,0.0
602,2024-05-19 06:30:00,60.9,-0.0,0,0,0.0,-50.0,0,100.0,0.0,0.0,6,0,0.0,0.0,0.0,0.0,0.0,0.0
603,2024-05-19 06:45:00,54.93,-0.0,0,0,0.0,-50.0,0,100.0,0.0,0.0,6,0,0.0,0.0,0.0,0.0,0.0,0.0
604,2024-05-19 07:00:00,77.58,-0.0,0,0,0.0,-50.0,0,100.0,0.0,0.0,6,0,0.0,0.0,0.0,0.0,0.0,0.0
605,2024-05-19 07:15:00,56.97,-0.0,0,0,0.0,-50.0,0,100.0,0.0,0.0,6,0,0.0,0.0,0.0,0.0,0.0,0.0
606,2024-05-19 07:30:00,44.91,-0.0,0,0,0.0,-50.0,0,100.0,0.0,0.0,5,0,0.0,0,0.0,0.0,0.0,0.0
607,2024-05-19 07:45:00,29.0,-0.0,0,0,0.0,-50.0,0,100.0,0.0,0.0,5,0,0.0,0,0.0,0.0,0.0,0.0
608,2024-05-19 08:00:00,88.9,-0.0,0,0,0.0,-50.0,0,100.0,0.0,0.0,5,0,0.0,0,0.0,0.0,0.0,0.0
609,2024-05-19 08:15:00,41.0,-0.0,0,0,0.0,-50.0,0,100.0,0.0,0.0,5,0,0.0,0,0.0,0.0,0.0,0.0
610,2024-05-19 08:30:00,16.9,-0.0,0,0,0.0,-50.0,0,83,0.0,0.0,3,0,0,0,0,0.0,0.0,0.0
611,2024-05-19 08:45:00,-10.2,-0.0,0,0,0.0,-50.0,0,83,0.0,0.0,3,0,0,0,0,0.0,0.0,0.0
612,2024-05-19 09:00:00,62.2,-0.0,0,0,0.0,-50.0,0,83,0.0,0.0,3,0,0,0,0,0.0,0.0,0.0
613,2024-05-19 09:15:00,24.9,-0.0,0,0,0.0,-50.0,0,83,0.0,0.0,3,0,0,0,0,0.0,0.0,0.0
614,2024-05-19 09:30:00,0.69,-0.0,0,0,0.0,-50.0,0,83,0.0,0.0,3,0,0,0,0,0.0,0.0,0.0
615,2024-05-19 09:45:00,-35.0,-0.0,0,0,0.0,-50.0,0,83,0.0,0.0,3,0,0,0,0,0.0,0.0,0.0
616,2024-05-19 10:00:00,30.1,-0.0,0,0,0.0,-50.0,0,83,0.0,0.0,3,0,0,0,0,0.0,0.0,0.0
617,2024-05-19 10:15:00,8.1,-0.0,0,0,0.0,-50.0,0,83,0.0,0.0,3,0,0,0,0,0.0,0.0,0.0
618,2024-05-19 10:30:00,-7.09,-0.0,0,0,0.0,-50.0,0,83,0.0,0.0,3,0,0,0,0,0.0,0.0,0.0
619,2024-05-19 10:45:00,-31.04,-0.0,0,0,0.0,-50.0,0,83,0.0,0.0,3,0,0,0,0,0.0,0.0,0.0
620,2024-05-19 11:00:00,15.02,-0.0,0,0,0.0,-50.0,0,83,0.0,0.0,3,0,0,0,0,0.0,0.0,0.0
621,2024-05-19 11:15:00,3.68,-0.0,0,0,0.0,-50.0,0,83,0.0,0.0,3,0,0,0,0,0.0,0.0,0.0
622,2024-05-19 11:30:00,-5.2,-0.0,0,0,0.0,-50.0,0,83,0.0,0.0,3,0,0,0,0,0.0,0.0,0.0
623,2024-05-19 11:45:00,-23.02,-0.0,0,0,0.0,-50.0,0,83,0.0,0.0,3,0,0,0,0,0.0,0.0,0.0
624,2024-05-19 12:00:00,1.0,-0.0,0,0,0.0,-50.0,0,83,0.0,0.0,3,0,0,0,0,0.0,0.0,0.0
625,2024-05-19 12:15:00,-11.1,-0.0,0,0,0.0,-50.0,0,83,0.0,0.0,3,0,0,0,0,0.0,0.0,0.0
626,2024-05-19 12:30:00,-13.34,-0.0,0,0,0.0,-50.0,0,83,0.0,0.0,3,0,0,0,0,0.0,0.0,0.0
627,2024-05-19 12:45:00,-24.2,-0.0,0,0,0.0,-50.0,0,83,0.0,0.0,3,0,0,0,0,0.0,0.0,0.0
628,2024-05-19 13:00:00,-15.1,-0.0,0,0,0.0,-50.0,0,83,0.0,0.0,3,0,0,0,0,0.0,0.0,0.0
629,2024-05-19 13:15:00,-19.05,-0.0,0,0,0.0,-50.0,0,83,0.0,0.0,3,0,0,0,0,0.0,0.0,0.0
630,2024-05-19 13:30:00,-25.95,-0.0,0,0,0.0,-50.0,0,83,0.0,0.0,3,0,0,0,0,0.0,0.0,0.0
631,2024-05-19 13:45:00,-34.94,-0.0,0,0,0.0,-50.0,0,83,0.0,0.0,3,0,0,0,0,0.0,0.0,0.0
632,2024-05-19 14:00:00,-24.14,-0.0,0,0,0.0,-50.0,0,83,0.0,0.0,3,0,0,0,0,0.0,0.0,0.0
633,2024-05-19 14:15:00,-34.9,-0.0,0,0,0.0,-50.0,0,83,0.0,0.0,3,0,0,0,0,0.0,0.0,0.0
634,2024-05-19 14:30:00,-27.01,-0.0,0,0,0.0,-50.0,0,83,0.0,0.0,3,0,0,0,0,0.0,0.0,0.0
635,2024-05-19 14:45:00,-24.97,-0.0,0,0,0.0,-50.0,0,83,0.0,0.0,3,0,0,0,0,0.0,0.0,0.0
636,2024-05-19 15:00:00,-36.0,-0.0,0,0,0.0,-50.0,0,83,0.0,0.0,3,0,0,0,0,0.0,0.0,0.0
637,2024-05-19 15:15:00,-23.05,-22.0,0,0,0.0,-50.0,0,100.0,0,22.0,4,1,0,0,22.0,0.0,0.0,0.0
638,2024-05-19 15:30:00,-11.0,-0.0,0,0,0.0,-50.0,0,100.0,0.0,0.0,4,0,0,0,0.0,0.0,0.0,0.0
639,2024-05-19 15:45:00,10.37,-0.0,0,0,0.0,-50.0,0,100.0,0.0,0.0,4,0,0,0,0.0,0.0,0.0,0.0
640,2024-05-19 16:00:00,-54.5,-0.0,0,0,0.0,-50.0,0,100.0,0.0,0.0,4,0,0,0,0.0,0.0,0.0,0.0
641,2024-05-19 16:15:00,-15.0,-0.0,0,0,0.0,-50.0,0,100.0,0.0,0.0,4,0,0,0,0.0,0.0,0.0,0.0
642,2024-05-19 16:30:00,14.4,-0.0,0,0,0.0,-50.0,0,100.0,0.0,0.0,4,0,0,0,0.0,0.0,0.0,0.0
643,2024-05-19 16:45:00,43.1,-22.0,0,0,0.0,-50.0,0,100.0,0,22.0,5,1,22.0,0,0.0,0.0,0.0,0.0
644,2024-05-19 17:00:00,-44.95,-22.0,0,0,0.0,-50.0,0,100.0,0,22.0,5,1,22.0,0,0.0,0.0,0.0,0.0
645,2024-05-19 17:15:00,0.9,-0.0,0,0,0.0,-50.0,0,100.0,0.0,0.0,5,0,0.0,0,0.0,0.0,0.0,0.0
646,2024-05-19 17:30:00,40.06,-22.0,0,0,0.0,-50.0,0,100.0,0,22.0,6,1,0.0,22.0,0.0,0.0,0.0,0.0
647,2024-05-19 17:45:00,82.6,-0.0,0,0,0.0,-50.0,0,100.0,0.0,0.0,6,0,0.0,0.0,0.0,0.0,0.0,0.0
648,2024-05-19 18:00:00,8.92,-0.0,0,0,0.0,-50.0,0,100.0,0.0,0.0,6,0,0.0,0.0,0.0,0.0,0.0,0.0
649,2024-05-19 18:15:00,52.96,-0.0,0,0,0.0,-50.0,0,100.0,0.0,0.0,6,0,0.0,0.0,0.0,0.0,0.0,0.0
650,2024-05-19 18:30:00,88.8,-0.0,0,0,0.0,-50.0,0,100.0,0.0,0.0,6,0,0.0,0.0,0.0,0.0,0.0,0.0
651,2024-05-19 18:45:00,148.92,-0.0,0,0,0.0,-50.0,0,100.0,0.0,0.0,6,0,0.0,0.0,0.0,0.0,0.0,0.0
652,2024-05-19 19:00:00,52.99,-0.0,0,0,0.0,-50.0,0,100.0,0.0,0.0,6,0,0.0,0.0,0.0,0.0,0.0,0.0
653,2024-05-19 19:15:00,84.99,-0.0,0,0,0.0,-50.0,0,100.0,0.0,0.0,6,0,0.0,0.0,0.0,0.0,0.0,0.0
654,2024-05-19 19:30:00,115.2,-0.0,0,0,0.0,-50.0,0,100.0,0.0,0.0,6,0,0.0,0.0,0.0,0.0,0.0,0.0
655,2024-05-19 19:45:00,147.6,-0.0,0,0,0.0,-50.0,0,100.0,0.0,0.0,6,0,0.0,0.0,0.0,0.0,0.0,0.0
656,2024-05-19 20:00:00,118.16,-0.0,0,0,0.0,-50.0,0,100.0,0.0,0.0,6,0,0.0,0.0,0.0,0.0,0.0,0.0
657,2024-05-19 20:15:00,119.91,-0.0,0,0,0.0,-50.0,0,100.0,0.0,0.0,6,0,0.0,0.0,0.0,0.0,0.0,0.0
658,2024-05-19 20:30:00,120.96,-0.0,0,0,0.0,-50.0,0,100.0,0.0,0.0,6,0,0.0,0.0,0.0,0.0,0.0,0.0
659,2024-05-19 20:45:00,122.4,-0.0,0,0,0.0,-50.0,0,100.0,0.0,0.0,6,0,0.0,0.0,0.0,0.0,0.0,0.0
660,2024-05-19 21:00:00,122.4,-0.0,0,0,0.0,-50.0,0,100.0,0.0,0.0,6,0,0.0,0.0,0.0,0.0,0.0,0.0
661,2024-05-19 21:15:00,109.5,-0.0,0,0,0.0,-50.0,0,100.0,0.0,0.0,6,0,0.0,0.0,0.0,0.0,0.0,0.0
662,2024-05-19 21:30:00,104.94,-0.0,0,0,0.0,-50.0,0,100.0,0.0,0.0,6,0,0.0,0.0,0.0,0.0,0.0,0.0
663,2024-05-19 21:45:00,97.0,-0.0,0,0,0.0,-50.0,0,100.0,0.0,0.0,6,0,0.0,0.0,0.0,0.0,0.0,0.0
664,2024-05-19 22:00:00,116.96,-0.0,0,0,0.0,-50.0,0,100.0,0.0,0.0,6,0,0.0,0.0,0.0,0.0,0.0,0.0
665,2024-05-19 22:15:00,97.0,-0.0,0,0,0.0,-50.0,0,100.0,0.0,0.0,6,0,0.0,0.0,0.0,0.0,0.0,0.0
666,2024-05-19 22:30:00,89.0,-0.0,0,0,0.0,-50.0,0,100.0,0.0,0.0,6,0,0.0,0.0,0.0,0.0,0.0,0.0
667,2024-05-19 22:45:00,76.62,-0.0,0,0,0.0,-50.0,0,100.0,0.0,0.0,6,0,0.0,0.0,0.0,0.0,0.0,0.0
668,2024-05-19 23:00:00,100.96,-0.0,0,0,0.0,-50.0,0,100.0,0.0,0.0,6,0,0.0,0.0,0.0,0.0,0.0,0.0
669,2024-05-19 23:15:00,81.0,-0.0,0,0,0.0,-50.0,0,100.0,0.0,0.0,6,0,0.0,0.0,0.0,0.0,0.0,0.0
670,2024-05-19 23:30:00,69.0,-0.0,0,0,0.0,-50.0,0,100.0,0.0,0.0,6,0,0.0,0.0,0.0,0.0,0.0,0.0
671,2024-05-19 23:45:00,64.27,-0.0,0,0,0.0,-50.0,0,100.0,0.0,0.0,6,0,0.0,0.0,0.0,0.0,0.0,0.0