timestep,time,price [EUR/kWh],grid supply [kW],fixed load [kW],battery power [kW],bat. stored energy [kWh],flex band min [kW],flex band base [kW],flex band max [kW],battery feed-in [kW],sum CS power [kW],# occupied CS [-],# CS in use [-],CS_Tesla Model 3_0 [kW],CS_Tesla Model 3_1 [kW],CS_Tesla Model 3_2 [kW],CS_Tesla Model 3_3 [kW],CS_Tesla Model 3_4 [kW],CS_Tesla Model 3_5 [kW],CS_Tesla Model 3_6 [kW],CS_Tesla Model 3_7 [kW],CS_Tesla Model 3_8 [kW],CS_Tesla Model 3_9 [kW]
0,2024-06-17 00:00:00,0.17662,-0.0,0,0.0,0.0,0.0,0,50.0,-0.0,0,10,0,0,0,0,0,0,0,0,0,0,0
1,2024-06-17 00:15:00,0.17662,-0.0,0,0.0,0.0,-50.0,0,50.0,-0.0,0,10,0,0,0,0,0,0,0,0,0,0,0
2,2024-06-17 00:30:00,0.17662,-0.0,0,0.0,0.0,-50.0,0,50.0,-0.0,0,10,0,0,0,0,0,0,0,0,0,0,0
3,2024-06-17 00:45:00,0.17662,-0.0,0,0.0,0.0,-50.0,0,50.0,-0.0,0,10,0,0,0,0,0,0,0,0,0,0,0
4,2024-06-17 01:00:00,0.16673,-0.0,0,0.0,0.0,-50.0,0,50.0,-0.0,0,10,0,0,0,0,0,0,0,0,0,0,0
5,2024-06-17 01:15:00,0.16673,-0.0,0,0.0,0.0,-50.0,0,50.0,-0.0,0,10,0,0,0,0,0,0,0,0,0,0,0
6,2024-06-17 01:30:00,0.16673,-0.0,0,0.0,0.0,-50.0,0,50.0,-0.0,0,10,0,0,0,0,0,0,0,0,0,0,0
7,2024-06-17 01:45:00,0.16673,-0.0,0,0.0,0.0,-50.0,0,50.0,-0.0,0,10,0,0,0,0,0,0,0,0,0,0,0
8,2024-06-17 02:00:00,0.16881000000000002,-0.0,0,0.0,0.0,-50.0,0,50.0,-0.0,0,10,0,0,0,0,0,0,0,0,0,0,0
9,2024-06-17 02:15:00,0.16881000000000002,-0.0,0,0.0,0.0,-50.0,0,50.0,-0.0,0,10,0,0,0,0,0,0,0,0,0,0,0
10,2024-06-17 02:30:00,0.16881000000000002,-0.0,0,0.0,0.0,-50.0,0,50.0,-0.0,0,10,0,0,0,0,0,0,0,0,0,0,0
11,2024-06-17 02:45:00,0.16881000000000002,-0.0,0,0.0,0.0,-50.0,0,50.0,-0.0,0,10,0,0,0,0,0,0,0,0,0,0,0
12,2024-06-17 03:00:00,0.17181000000000002,-0.0,0,0.0,0.0,-50.0,0,50.0,-0.0,0,10,0,0,0,0,0,0,0,0,0,0,0
13,2024-06-17 03:15:00,0.17181000000000002,-0.0,0,0.0,0.0,-50.0,0,50.0,-0.0,0,10,0,0,0,0,0,0,0,0,0,0,0
14,2024-06-17 03:30:00,0.17181000000000002,-0.0,0,0.0,0.0,-50.0,0,50.0,-0.0,0,10,0,0,0,0,0,0,0,0,0,0,0
15,2024-06-17 03:45:00,0.17181000000000002,-0.0,0,0.0,0.0,-50.0,0,50.0,-0.0,0,10,0,0,0,0,0,0,0,0,0,0,0
16,2024-06-17 04:00:00,0.17356,-0.0,0,0.0,0.0,-50.0,0,50.0,-0.0,0,10,0,0,0,0,0,0,0,0,0,0,0
17,2024-06-17 04:15:00,0.17356,-0.0,0,0.0,0.0,-50.0,0,50.0,-0.0,0,10,0,0,0,0,0,0,0,0,0,0,0
18,2024-06-17 04:30:00,0.17356,-0.0,0,0.0,0.0,-50.0,0,50.0,-0.0,0,10,0,0,0,0,0,0,0,0,0,0,0
19,2024-06-17 04:45:00,0.17356,-0.0,0,0.0,0.0,-50.0,0,50.0,-0.0,0,10,0,0,0,0,0,0,0,0,0,0,0
20,2024-06-17 05:00:00,0.19002000000000002,-0.0,0,0.0,0.0,-50.0,0,50.0,-0.0,0,10,0,0,0,0,0,0,0,0,0,0,0
21,2024-06-17 05:15:00,0.19002000000000002,-0.0,0,0.0,0.0,-50.0,0,50.0,-0.0,0,10,0,0,0,0,0,0,0,0,0,0,0
22,2024-06-17 05:30:00,0.19002000000000002,-0.0,0,0.0,0.0,-50.0,0,50.0,-0.0,0,10,0,0,0,0,0,0,0,0,0,0,0
23,2024-06-17 05:45:00,0.19002000000000002,-0.0,0,0.0,0.0,-50.0,0,50.0,-0.0,0,10,0,0,0,0,0,0,0,0,0,0,0
24,2024-06-17 06:00:00,0.21913,-0.0,0,0.0,0.0,-50.0,0,50.0,-0.0,0,10,0,0,0,0,0,0,0,0,0,0,0
25,2024-06-17 06:15:00,0.21913,-0.0,0,0.0,0.0,-50.0,0,50.0,-0.0,0,10,0,0,0,0,0,0,0,0,0,0,0
26,2024-06-17 06:30:00,0.21913,-0.0,0,0.0,0.0,-50.0,0,50.0,-0.0,0,10,0,0,0,0,0,0,0,0,0,0,0
27,2024-06-17 06:45:00,0.21913,-0.0,0,0.0,0.0,-50.0,0,50.0,-0.0,0,10,0,0,0,0,0,0,0,0,0,0,0
28,2024-06-17 07:00:00,0.23268000000000003,-0.0,0,0.0,0.0,-50.0,0,50.0,-0.0,0,10,0,0,0,0,0,0,0,0,0,0,0
29,2024-06-17 07:15:00,0.23268000000000003,-0.0,0,0.0,0.0,-50.0,0,50.0,-0.0,0,10,0,0,0,0,0,0,0,0,0,0,0
30,2024-06-17 07:30:00,0.23268000000000003,-0.0,0,0.0,0.0,-50.0,0,50.0,-0.0,0,10,0,0,0,0,0,0,0,0,0,0,0
31,2024-06-17 07:45:00,0.23268000000000003,-0.0,0,0.0,0.0,-50.0,0,50.0,-0.0,0,10,0,0,0,0,0,0,0,0,0,0,0
32,2024-06-17 08:00:00,0.21623,-0.0,0,0.0,0.0,-50.0,0,50.0,-0.0,0,0,0,0,0,0,0,0,0,0,0,0,0
33,2024-06-17 08:15:00,0.21623,-0.0,0,0.0,0.0,-50.0,0,50.0,-0.0,0,0,0,0,0,0,0,0,0,0,0,0,0
34,2024-06-17 08:30:00,0.21623,-0.0,0,0.0,0.0,-50.0,0,50.0,-0.0,0,0,0,0,0,0,0,0,0,0,0,0,0
35,2024-06-17 08:45:00,0.21623,-0.0,0,0.0,0.0,-50.0,0,50.0,-0.0,0,0,0,0,0,0,0,0,0,0,0,0,0
36,2024-06-17 09:00:00,0.18473,-0.0,0,0.0,0.0,-50.0,0,50.0,-0.0,0,0,0,0,0,0,0,0,0,0,0,0,0
37,2024-06-17 09:15:00,0.18473,-0.0,0,0.0,0.0,-50.0,0,50.0,-0.0,0,0,0,0,0,0,0,0,0,0,0,0,0
38,2024-06-17 09:30:00,0.18473,-0.0,0,0.0,0.0,-50.0,0,50.0,-0.0,0,0,0,0,0,0,0,0,0,0,0,0,0
39,2024-06-17 09:45:00,0.18473,-0.0,0,0.0,0.0,-50.0,0,50.0,-0.0,0,0,0,0,0,0,0,0,0,0,0,0,0
40,2024-06-17 10:00:00,0.16211,-0.0,0,0.0,0.0,-50.0,0,50.0,-0.0,0,0,0,0,0,0,0,0,0,0,0,0,0
41,2024-06-17 10:15:00,0.16211,-0.0,0,0.0,0.0,-50.0,0,50.0,-0.0,0,0,0,0,0,0,0,0,0,0,0,0,0
42,2024-06-17 10:30:00,0.16211,-0.0,0,0.0,0.0,-50.0,0,50.0,-0.0,0,0,0,0,0,0,0,0,0,0,0,0,0
43,2024-06-17 10:45:00,0.16211,-0.0,0,0.0,0.0,-50.0,0,50.0,-0.0,0,0,0,0,0,0,0,0,0,0,0,0,0
44,2024-06-17 11:00:00,0.15501,-0.0,0,0.0,0.0,-50.0,0,50.0,-0.0,0,0,0,0,0,0,0,0,0,0,0,0,0
45,2024-06-17 11:15:00,0.15501,-0.0,0,0.0,0.0,-50.0,0,50.0,-0.0,0,0,0,0,0,0,0,0,0,0,0,0,0
46,2024-06-17 11:30:00,0.15501,-0.0,0,0.0,0.0,-50.0,0,50.0,-0.0,0,0,0,0,0,0,0,0,0,0,0,0,0
47,2024-06-17 11:45:00,0.15501,-0.0,0,0.0,0.0,-50.0,0,50.0,-0.0,0,0,0,0,0,0,0,0,0,0,0,0,0
48,2024-06-17 12:00:00,0.14186,-0.0,0,0.0,0.0,-50.0,0,50.0,-0.0,0,0,0,0,0,0,0,0,0,0,0,0,0
49,2024-06-17 12:15:00,0.14186,-0.0,0,0.0,0.0,-50.0,0,50.0,-0.0,0,0,0,0,0,0,0,0,0,0,0,0,0
50,2024-06-17 12:30:00,0.14186,-0.0,0,0.0,0.0,-50.0,0,50.0,-0.0,0,0,0,0,0,0,0,0,0,0,0,0,0
51,2024-06-17 12:45:00,0.14186,-0.0,0,0.0,0.0,-50.0,0,50.0,-0.0,0,0,0,0,0,0,0,0,0,0,0,0,0
52,2024-06-17 13:00:00,0.13945000000000002,-0.0,0,0.0,0.0,-50.0,0,50.0,-0.0,0,0,0,0,0,0,0,0,0,0,0,0,0
53,2024-06-17 13:15:00,0.13945000000000002,-0.0,0,0.0,0.0,-50.0,0,50.0,-0.0,0,0,0,0,0,0,0,0,0,0,0,0,0
54,2024-06-17 13:30:00,0.13945000000000002,-0.0,0,0.0,0.0,-50.0,0,50.0,-0.0,0,0,0,0,0,0,0,0,0,0,0,0,0
55,2024-06-17 13:45:00,0.13945000000000002,-0.0,0,0.0,0.0,-50.0,0,50.0,-0.0,0,0,0,0,0,0,0,0,0,0,0,0,0
56,2024-06-17 14:00:00,0.14662,-0.0,0,0.0,0.0,-50.0,0,50.0,-0.0,0,0,0,0,0,0,0,0,0,0,0,0,0
57,2024-06-17 14:15:00,0.14662,-0.0,0,0.0,0.0,-50.0,0,50.0,-0.0,0,0,0,0,0,0,0,0,0,0,0,0,0
58,2024-06-17 14:30:00,0.14662,-0.0,0,0.0,0.0,-50.0,0,50.0,-0.0,0,0,0,0,0,0,0,0,0,0,0,0,0
59,2024-06-17 14:45:00,0.14662,-0.0,0,0.0,0.0,-50.0,0,50.0,-0.0,0,0,0,0,0,0,0,0,0,0,0,0,0
60,2024-06-17 15:00:00,0.15454,-0.0,0,0.0,0.0,-50.0,0,50.0,-0.0,0,0,0,0,0,0,0,0,0,0,0,0,0
61,2024-06-17 15:15:00,0.15454,-0.0,0,0.0,0.0,-50.0,0,50.0,-0.0,0,0,0,0,0,0,0,0,0,0,0,0,0
62,2024-06-17 15:30:00,0.15454,-0.0,0,0.0,0.0,-50.0,0,50.0,-0.0,0,0,0,0,0,0,0,0,0,0,0,0,0
63,2024-06-17 15:45:00,0.15454,-0.0,0,0.0,0.0,-50.0,0,50.0,-0.0,0,0,0,0,0,0,0,0,0,0,0,0,0
64,2024-06-17 16:00:00,0.16421,-0.0,0,0.0,0.0,-50.0,0,50.0,-0.0,0,0,0,0,0,0,0,0,0,0,0,0,0
65,2024-06-17 16:15:00,0.16421,-0.0,0,0.0,0.0,-50.0,0,50.0,-0.0,0,0,0,0,0,0,0,0,0,0,0,0,0
66,2024-06-17 16:30:00,0.16421,-0.0,0,0.0,0.0,-50.0,0,50.0,-0.0,0,0,0,0,0,0,0,0,0,0,0,0,0
67,2024-06-17 16:45:00,0.16421,-0.0,0,0.0,0.0,-50.0,0,50.0,-0.0,0,0,0,0,0,0,0,0,0,0,0,0,0
68,2024-06-17 17:00:00,0.18858,-0.0,0,0.0,0.0,-50.0,0,50.0,-0.0,0,0,0,0,0,0,0,0,0,0,0,0,0
69,2024-06-17 17:15:00,0.18858,-0.0,0,0.0,0.0,-50.0,0,50.0,-0.0,0,0,0,0,0,0,0,0,0,0,0,0,0
70,2024-06-17 17:30:00,0.18858,-0.0,0,0.0,0.0,-50.0,0,50.0,-0.0,0,0,0,0,0,0,0,0,0,0,0,0,0
71,2024-06-17 17:45:00,0.18858,-0.0,0,0.0,0.0,-50.0,0,50.0,-0.0,0,0,0,0,0,0,0,0,0,0,0,0,0
72,2024-06-17 18:00:00,0.21416000000000002,-0.0,0,0.0,0.0,-50.0,0,50.0,-0.0,0,0,0,0,0,0,0,0,0,0,0,0,0
73,2024-06-17 18:15:00,0.21416000000000002,-0.0,0,0.0,0.0,-50.0,0,50.0,-0.0,0,0,0,0,0,0,0,0,0,0,0,0,0
74,2024-06-17 18:30:00,0.21416000000000002,-0.0,0,0.0,0.0,-50.0,0,50.0,-0.0,0,0,0,0,0,0,0,0,0,0,0,0,0
75,2024-06-17 18:45:00,0.21416000000000002,-0.0,0,0.0,0.0,-50.0,0,50.0,-0.0,0,0,0,0,0,0,0,0,0,0,0,0,0
76,2024-06-17 19:00:00,0.25737,-11.256,0,0.0,0.0,-50.0,0,50.0,0,11.256,10,2,0,0,0,0,0,0,0,0,4.473,6.783
77,2024-06-17 19:15:00,0.25737,-11.256,0,0.0,0.0,-50.0,0,50.0,0,11.256,10,2,0,0,0,0,0,0,0,0,4.473,6.783
78,2024-06-17 19:30:00,0.25737,-11.256,0,0.0,0.0,-50.0,0,50.0,0,11.256,10,2,0,0,0,0,0,0,0,0,4.473,6.783
79,2024-06-17 19:45:00,0.25737,-11.256,0,0.0,0.0,-50.0,0,50.0,0,11.256,10,2,0,0,0,0,0,0,0,0,4.473,6.783
80,2024-06-17 20:00:00,0.31016,-0.0,0,0.0,0.0,-50.0,0,50.0,-0.0,0,10,0,0,0,0,0,0,0,0,0,0,0
81,2024-06-17 20:15:00,0.31016,-0.0,0,0.0,0.0,-50.0,0,50.0,-0.0,0,10,0,0,0,0,0,0,0,0,0,0,0
82,2024-06-17 20:30:00,0.31016,-0.0,0,0.0,0.0,-50.0,0,50.0,-0.0,0,10,0,0,0,0,0,0,0,0,0,0,0
83,2024-06-17 20:45:00,0.31016,-0.0,0,0.0,0.0,-50.0,0,50.0,-0.0,0,10,0,0,0,0,0,0,0,0,0,0,0
84,2024-06-17 21:00:00,0.30001,-0.0,0,0.0,0.0,-50.0,0,50.0,-0.0,0,10,0,0,0,0,0,0,0,0,0,0,0
85,2024-06-17 21:15:00,0.30001,-0.0,0,0.0,0.0,-50.0,0,50.0,-0.0,0,10,0,0,0,0,0,0,0,0,0,0,0
86,2024-06-17 21:30:00,0.30001,-0.0,0,0.0,0.0,-50.0,0,50.0,-0.0,0,10,0,0,0,0,0,0,0,0,0,0,0
87,2024-06-17 21:45:00,0.30001,-0.0,0,0.0,0.0,-50.0,0,50.0,-0.0,0,10,0,0,0,0,0,0,0,0,0,0,0
88,2024-06-17 22:00:00,0.22815000000000002,-21.0,0,0.0,0.0,-50.0,0,50.0,0,21.0,10,3,0,0,0,0,0,0,0,7.0,7.0,7.0
89,2024-06-17 22:15:00,0.22815000000000002,-21.0,0,0.0,0.0,-50.0,0,50.0,0,21.0,10,3,0,0,0,0,0,0,0,7.0,7.0,7.0
90,2024-06-17 22:30:00,0.22815000000000002,-21.0,0,0.0,0.0,-50.0,0,50.0,0,21.0,10,3,0,0,0,0,0,0,0,7.0,7.0,7.0
91,2024-06-17 22:45:00,0.22815000000000002,-21.0,0,0.0,0.0,-50.0,0,50.0,0,21.0,10,3,0,0,0,0,0,0,0,7.0,7.0,7.0
92,2024-06-17 23:00:00,0.20155,-21.0,0,0.0,0.0,-50.0,0,50.0,0,21.0,10,3,0,0,0,0,0,0,0,7.0,7.0,7.0
93,2024-06-17 23:15:00,0.20155,-21.0,0,0.0,0.0,-50.0,0,50.0,0,21.0,10,3,0,0,0,0,0,0,0,7.0,7.0,7.0
94,2024-06-17 23:30:00,0.20155,-21.0,0,0.0,0.0,-50.0,0,50.0,0,21.0,10,3,0,0,0,0,0,0,0,7.0,7.0,7.0
95,2024-06-17 23:45:00,0.20155,-21.0,0,0.0,0.0,-50.0,0,50.0,0,21.0,10,3,0,0,0,0,0,0,0,7.0,7.0,7.0
96,2024-06-18 00:00:00,0.19692,-50.0,0,0.0,0.0,-50.0,0,50.0,0,50.0,10,10,4.473,4.473,4.473,4.473,4.473,4.473,4.473,7.0,7.0,4.69
97,2024-06-18 00:15:00,0.19692,-50.0,0,0.0,0.0,-50.0,0,50.0,0,50.0,10,10,4.473,4.473,4.473,4.473,4.473,4.473,4.473,7.0,7.0,4.69
98,2024-06-18 00:30:00,0.19692,-50.0,0,0.0,0.0,-50.0,0,50.0,0,50.0,10,10,4.473,4.473,4.473,4.473,4.473,4.473,4.473,7.0,7.0,4.69
99,2024-06-18 00:45:00,0.19692,-50.0,0,0.0,0.0,-50.0,0,50.0,0,50.0,10,10,4.473,4.473,4.473,4.473,4.473,4.473,4.473,7.0,7.0,4.69
100,2024-06-18 01:00:00,0.19029000000000001,-50.0,0,0.0,0.0,-50.0,0,50.0,0,50.0,10,8,7.0,7.0,7.0,7.0,7.0,7.0,7.0,1.0,0,0
101,2024-06-18 01:15:00,0.19029000000000001,-50.0,0,0.0,0.0,-50.0,0,50.0,0,50.0,10,8,7.0,7.0,7.0,7.0,7.0,7.0,7.0,1.0,0,0
102,2024-06-18 01:30:00,0.19029000000000001,-50.0,0,0.0,0.0,-50.0,0,50.0,0,50.0,10,8,7.0,7.0,7.0,7.0,7.0,7.0,7.0,1.0,0,0
103,2024-06-18 01:45:00,0.19029000000000001,-50.0,0,0.0,0.0,-50.0,0,50.0,0,50.0,10,8,7.0,7.0,7.0,7.0,7.0,7.0,7.0,1.0,0,0
104,2024-06-18 02:00:00,0.18753,-50.0,0,0.0,0.0,-50.0,0,50.0,0,50.0,10,8,7.0,7.0,7.0,7.0,7.0,7.0,7.0,1.0,0,0
105,2024-06-18 02:15:00,0.18753,-50.0,0,0.0,0.0,-50.0,0,50.0,0,50.0,10,8,7.0,7.0,7.0,7.0,7.0,7.0,7.0,1.0,0,0
106,2024-06-18 02:30:00,0.18753,-50.0,0,0.0,0.0,-50.0,0,50.0,0,50.0,10,8,7.0,7.0,7.0,7.0,7.0,7.0,7.0,1.0,0,0
107,2024-06-18 02:45:00,0.18753,-50.0,0,0.0,0.0,-50.0,0,50.0,0,50.0,10,8,7.0,7.0,7.0,7.0,7.0,7.0,7.0,1.0,0,0
108,2024-06-18 03:00:00,0.18929,-50.0,0,0.0,0.0,-50.0,0,50.0,0,50.0,10,8,7.0,7.0,7.0,7.0,7.0,7.0,7.0,1.0,0,0
109,2024-06-18 03:15:00,0.18929,-50.0,0,0.0,0.0,-50.0,0,50.0,0,50.0,10,8,7.0,7.0,7.0,7.0,7.0,7.0,7.0,1.0,0,0
110,2024-06-18 03:30:00,0.18929,-50.0,0,0.0,0.0,-50.0,0,50.0,0,50.0,10,8,7.0,7.0,7.0,7.0,7.0,7.0,7.0,1.0,0,0
111,2024-06-18 03:45:00,0.18929,-50.0,0,0.0,0.0,-50.0,0,50.0,0,50.0,10,8,7.0,7.0,7.0,7.0,7.0,7.0,7.0,1.0,0,0
112,2024-06-18 04:00:00,0.19029000000000001,-50.0,0,0.0,0.0,-50.0,0,50.0,0,50.0,10,8,7.0,7.0,7.0,7.0,7.0,7.0,7.0,1.0,0,0
113,2024-06-18 04:15:00,0.19029000000000001,-50.0,0,0.0,0.0,-50.0,0,50.0,0,50.0,10,8,7.0,7.0,7.0,7.0,7.0,7.0,7.0,1.0,0,0
114,2024-06-18 04:30:00,0.19029000000000001,-50.0,0,0.0,0.0,-50.0,0,50.0,0,50.0,10,8,7.0,7.0,7.0,7.0,7.0,7.0,7.0,1.0,0,0
115,2024-06-18 04:45:00,0.19029000000000001,-50.0,0,0.0,0.0,-50.0,0,50.0,0,50.0,10,8,7.0,7.0,7.0,7.0,7.0,7.0,7.0,1.0,0,0
116,2024-06-18 05:00:00,0.19594,-50.0,0,0.0,0.0,-50.0,0,50.0,0,50.0,10,8,7.0,7.0,7.0,7.0,7.0,7.0,7.0,1.0,0,0
117,2024-06-18 05:15:00,0.19594,-50.0,0,0.0,0.0,-50.0,0,50.0,0,50.0,10,8,7.0,7.0,7.0,7.0,7.0,7.0,7.0,1.0,0,0
118,2024-06-18 05:30:00,0.19594,-50.0,0,0.0,0.0,-50.0,0,50.0,0,50.0,10,8,7.0,7.0,7.0,7.0,7.0,7.0,7.0,1.0,0,0
119,2024-06-18 05:45:00,0.19594,-50.0,0,0.0,0.0,-50.0,0,50.0,0,50.0,10,8,7.0,7.0,7.0,7.0,7.0,7.0,7.0,1.0,0,0
120,2024-06-18 06:00:00,0.23449,-20.473,0,0.0,0.0,-50.0,0,50.0,0,20.473,10,3,0,0,0,0,0,0,0,6.473,7.0,7.0
121,2024-06-18 06:15:00,0.23449,-20.473,0,0.0,0.0,-50.0,0,50.0,0,20.473,10,3,0,0,0,0,0,0,0,6.473,7.0,7.0
122,2024-06-18 06:30:00,0.23449,-20.473,0,0.0,0.0,-50.0,0,50.0,0,20.473,10,3,0,0,0,0,0,0,0,6.473,7.0,7.0
123,2024-06-18 06:45:00,0.23449,-20.473,0,0.0,0.0,-50.0,0,50.0,0,20.473,10,3,0,0,0,0,0,0,0,6.473,7.0,7.0
124,2024-06-18 07:00:00,0.23016999999999999,-21.0,0,0.0,0.0,-50.0,0,50.0,0,21.0,10,3,0,0,0,0,0,0,0,7.0,7.0,7.0
125,2024-06-18 07:15:00,0.23016999999999999,-21.0,0,0.0,0.0,-50.0,0,50.0,0,21.0,10,3,0,0,0,0,0,0,0,7.0,7.0,7.0
126,2024-06-18 07:30:00,0.23016999999999999,-21.0,0,0.0,0.0,-50.0,0,50.0,0,21.0,10,3,0,0,0,0,0,0,0,7.0,7.0,7.0
127,2024-06-18 07:45:00,0.23016999999999999,-21.0,0,0.0,0.0,-50.0,0,50.0,0,21.0,10,3,0,0,0,0,0,0,0,7.0,7.0,7.0
128,2024-06-18 08:00:00,0.19596,-0.0,0,0.0,0.0,-50.0,0,50.0,-0.0,0,0,0,0,0,0,0,0,0,0,0,0,0
129,2024-06-18 08:15:00,0.19596,-0.0,0,0.0,0.0,-50.0,0,50.0,-0.0,0,0,0,0,0,0,0,0,0,0,0,0,0
130,2024-06-18 08:30:00,0.19596,-0.0,0,0.0,0.0,-50.0,0,50.0,-0.0,0,0,0,0,0,0,0,0,0,0,0,0,0
131,2024-06-18 08:45:00,0.19596,-0.0,0,0.0,0.0,-50.0,0,50.0,-0.0,0,0,0,0,0,0,0,0,0,0,0,0,0
132,2024-06-18 09:00:00,0.1809,-0.0,0,0.0,0.0,-50.0,0,50.0,-0.0,0,0,0,0,0,0,0,0,0,0,0,0,0
133,2024-06-18 09:15:00,0.1809,-0.0,0,0.0,0.0,-50.0,0,50.0,-0.0,0,0,0,0,0,0,0,0,0,0,0,0,0
134,2024-06-18 09:30:00,0.1809,-0.0,0,0.0,0.0,-50.0,0,50.0,-0.0,0,0,0,0,0,0,0,0,0,0,0,0,0
135,2024-06-18 09:45:00,0.1809,-0.0,0,0.0,0.0,-50.0,0,50.0,-0.0,0,0,0,0,0,0,0,0,0,0,0,0,0
136,2024-06-18 10:00:00,0.16991,-0.0,0,0.0,0.0,-50.0,0,50.0,-0.0,0,0,0,0,0,0,0,0,0,0,0,0,0
137,2024-06-18 10:15:00,0.16991,-0.0,0,0.0,0.0,-50.0,0,50.0,-0.0,0,0,0,0,0,0,0,0,0,0,0,0,0
138,2024-06-18 10:30:00,0.16991,-0.0,0,0.0,0.0,-50.0,0,50.0,-0.0,0,0,0,0,0,0,0,0,0,0,0,0,0
139,2024-06-18 10:45:00,0.16991,-0.0,0,0.0,0.0,-50.0,0,50.0,-0.0,0,0,0,0,0,0,0,0,0,0,0,0,0
140,2024-06-18 11:00:00,0.15481,-0.0,0,0.0,0.0,-50.0,0,50.0,-0.0,0,0,0,0,0,0,0,0,0,0,0,0,0
141,2024-06-18 11:15:00,0.15481,-0.0,0,0.0,0.0,-50.0,0,50.0,-0.0,0,0,0,0,0,0,0,0,0,0,0,0,0
142,2024-06-18 11:30:00,0.15481,-0.0,0,0.0,0.0,-50.0,0,50.0,-0.0,0,0,0,0,0,0,0,0,0,0,0,0,0
143,2024-06-18 11:45:00,0.15481,-0.0,0,0.0,0.0,-50.0,0,50.0,-0.0,0,0,0,0,0,0,0,0,0,0,0,0,0
144,2024-06-18 12:00:00,0.15116000000000002,-0.0,0,0.0,0.0,-50.0,0,50.0,-0.0,0,0,0,0,0,0,0,0,0,0,0,0,0
145,2024-06-18 12:15:00,0.15116000000000002,-0.0,0,0.0,0.0,-50.0,0,50.0,-0.0,0,0,0,0,0,0,0,0,0,0,0,0,0
146,2024-06-18 12:30:00,0.15116000000000002,-0.0,0,0.0,0.0,-50.0,0,50.0,-0.0,0,0,0,0,0,0,0,0,0,0,0,0,0
147,2024-06-18 12:45:00,0.15116000000000002,-0.0,0,0.0,0.0,-50.0,0,50.0,-0.0,0,0,0,0,0,0,0,0,0,0,0,0,0
148,2024-06-18 13:00:00,0.15103,-0.0,0,0.0,0.0,-50.0,0,50.0,-0.0,0,0,0,0,0,0,0,0,0,0,0,0,0
149,2024-06-18 13:15:00,0.15103,-0.0,0,0.0,0.0,-50.0,0,50.0,-0.0,0,0,0,0,0,0,0,0,0,0,0,0,0
150,2024-06-18 13:30:00,0.15103,-0.0,0,0.0,0.0,-50.0,0,50.0,-0.0,0,0,0,0,0,0,0,0,0,0,0,0,0
151,2024-06-18 13:45:00,0.15103,-0.0,0,0.0,0.0,-50.0,0,50.0,-0.0,0,0,0,0,0,0,0,0,0,0,0,0,0
152,2024-06-18 14:00:00,0.15704,-0.0,0,0.0,0.0,-50.0,0,50.0,-0.0,0,0,0,0,0,0,0,0,0,0,0,0,0
153,2024-06-18 14:15:00,0.15704,-0.0,0,0.0,0.0,-50.0,0,50.0,-0.0,0,0,0,0,0,0,0,0,0,0,0,0,0
154,2024-06-18 14:30:00,0.15704,-0.0,0,0.0,0.0,-50.0,0,50.0,-0.0,0,0,0,0,0,0,0,0,0,0,0,0,0
155,2024-06-18 14:45:00,0.15704,-0.0,0,0.0,0.0,-50.0,0,50.0,-0.0,0,0,0,0,0,0,0,0,0,0,0,0,0
156,2024-06-18 15:00:00,0.17312,-0.0,0,0.0,0.0,-50.0,0,50.0,-0.0,0,0,0,0,0,0,0,0,0,0,0,0,0
157,2024-06-18 15:15:00,0.17312,-0.0,0,0.0,0.0,-50.0,0,50.0,-0.0,0,0,0,0,0,0,0,0,0,0,0,0,0
158,2024-06-18 15:30:00,0.17312,-0.0,0,0.0,0.0,-50.0,0,50.0,-0.0,0,0,0,0,0,0,0,0,0,0,0,0,0
159,2024-06-18 15:45:00,0.17312,-0.0,0,0.0,0.0,-50.0,0,50.0,-0.0,0,0,0,0,0,0,0,0,0,0,0,0,0
160,2024-06-18 16:00:00,0.17624,-0.0,0,0.0,0.0,-50.0,0,50.0,-0.0,0,0,0,0,0,0,0,0,0,0,0,0,0
161,2024-06-18 16:15:00,0.17624,-0.0,0,0.0,0.0,-50.0,0,50.0,-0.0,0,0,0,0,0,0,0,0,0,0,0,0,0
162,2024-06-18 16:30:00,0.17624,-0.0,0,0.0,0.0,-50.0,0,50.0,-0.0,0,0,0,0,0,0,0,0,0,0,0,0,0
163,2024-06-18 16:45:00,0.17624,-0.0,0,0.0,0.0,-50.0,0,50.0,-0.0,0,0,0,0,0,0,0,0,0,0,0,0,0
164,2024-06-18 17:00:00,0.19006,-0.0,0,0.0,0.0,-50.0,0,50.0,-0.0,0,0,0,0,0,0,0,0,0,0,0,0,0
165,2024-06-18 17:15:00,0.19006,-0.0,0,0.0,0.0,-50.0,0,50.0,-0.0,0,0,0,0,0,0,0,0,0,0,0,0,0
166,2024-06-18 17:30:00,0.19006,-0.0,0,0.0,0.0,-50.0,0,50.0,-0.0,0,0,0,0,0,0,0,0,0,0,0,0,0
167,2024-06-18 17:45:00,0.19006,-0.0,0,0.0,0.0,-50.0,0,50.0,-0.0,0,0,0,0,0,0,0,0,0,0,0,0,0
168,2024-06-18 18:00:00,0.23325,-0.0,0,0.0,0.0,-50.0,0,50.0,-0.0,0,0,0,0,0,0,0,0,0,0,0,0,0
169,2024-06-18 18:15:00,0.23325,-0.0,0,0.0,0.0,-50.0,0,50.0,-0.0,0,0,0,0,0,0,0,0,0,0,0,0,0
170,2024-06-18 18:30:00,0.23325,-0.0,0,0.0,0.0,-50.0,0,50.0,-0.0,0,0,0,0,0,0,0,0,0,0,0,0,0
171,2024-06-18 18:45:00,0.23325,-0.0,0,0.0,0.0,-50.0,0,50.0,-0.0,0,0,0,0,0,0,0,0,0,0,0,0,0
172,2024-06-18 19:00:00,0.25819000000000003,-0.0,0,0.0,0.0,-50.0,0,50.0,-0.0,0,10,0,0,0,0,0,0,0,0,0,0,0
173,2024-06-18 19:15:00,0.25819000000000003,-0.0,0,0.0,0.0,-50.0,0,50.0,-0.0,0,10,0,0,0,0,0,0,0,0,0,0,0
174,2024-06-18 19:30:00,0.25819000000000003,-0.0,0,0.0,0.0,-50.0,0,50.0,-0.0,0,10,0,0,0,0,0,0,0,0,0,0,0
175,2024-06-18 19:45:00,0.25819000000000003,-0.0,0,0.0,0.0,-50.0,0,50.0,-0.0,0,10,0,0,0,0,0,0,0,0,0,0,0
176,2024-06-18 20:00:00,0.27187,-0.0,0,0.0,0.0,-50.0,0,50.0,-0.0,0,10,0,0,0,0,0,0,0,0,0,0,0
177,2024-06-18 20:15:00,0.27187,-0.0,0,0.0,0.0,-50.0,0,50.0,-0.0,0,10,0,0,0,0,0,0,0,0,0,0,0
178,2024-06-18 20:30:00,0.27187,-0.0,0,0.0,0.0,-50.0,0,50.0,-0.0,0,10,0,0,0,0,0,0,0,0,0,0,0
179,2024-06-18 20:45:00,0.27187,-0.0,0,0.0,0.0,-50.0,0,50.0,-0.0,0,10,0,0,0,0,0,0,0,0,0,0,0
180,2024-06-18 21:00:00,0.23447,-11.263,0,0.0,0.0,-50.0,0,50.0,0,11.263,10,2,0,0,0,0,0,0,0,0,4.474,6.789
181,2024-06-18 21:15:00,0.23447,-11.263,0,0.0,0.0,-50.0,0,50.0,0,11.263,10,2,0,0,0,0,0,0,0,0,4.474,6.789
182,2024-06-18 21:30:00,0.23447,-11.263,0,0.0,0.0,-50.0,0,50.0,0,11.263,10,2,0,0,0,0,0,0,0,0,4.474,6.789
183,2024-06-18 21:45:00,0.23447,-11.263,0,0.0,0.0,-50.0,0,50.0,0,11.263,10,2,0,0,0,0,0,0,0,0,4.474,6.789
184,2024-06-18 22:00:00,0.2042,-21.0,0,0.0,0.0,-50.0,0,50.0,0,21.0,10,3,0,0,0,0,0,0,0,7.0,7.0,7.0
185,2024-06-18 22:15:00,0.2042,-21.0,0,0.0,0.0,-50.0,0,50.0,0,21.0,10,3,0,0,0,0,0,0,0,7.0,7.0,7.0
186,2024-06-18 22:30:00,0.2042,-21.0,0,0.0,0.0,-50.0,0,50.0,0,21.0,10,3,0,0,0,0,0,0,0,7.0,7.0,7.0
187,2024-06-18 22:45:00,0.2042,-21.0,0,0.0,0.0,-50.0,0,50.0,0,21.0,10,3,0,0,0,0,0,0,0,7.0,7.0,7.0
188,2024-06-18 23:00:00,0.19163,-50.0,0,0.0,0.0,-50.0,0,50.0,0,50.0,10,10,4.474,4.474,4.474,4.474,4.474,4.474,4.474,7.0,7.0,4.684
189,2024-06-18 23:15:00,0.19163,-50.0,0,0.0,0.0,-50.0,0,50.0,0,50.0,10,10,4.474,4.474,4.474,4.474,4.474,4.474,4.474,7.0,7.0,4.684
190,2024-06-18 23:30:00,0.19163,-50.0,0,0.0,0.0,-50.0,0,50.0,0,50.0,10,10,4.474,4.474,4.474,4.474,4.474,4.474,4.474,7.0,7.0,4.684
191,2024-06-18 23:45:00,0.19163,-50.0,0,0.0,0.0,-50.0,0,50.0,0,50.0,10,10,4.474,4.474,4.474,4.474,4.474,4.474,4.474,7.0,7.0,4.684
192,2024-06-19 00:00:00,0.19995000000000002,-21.0,0,0.0,0.0,-50.0,0,50.0,0,21.0,10,3,0,0,0,0,0,0,0,7.0,7.0,7.0
193,2024-06-19 00:15:00,0.19995000000000002,-21.0,0,0.0,0.0,-50.0,0,50.0,0,21.0,10,3,0,0,0,0,0,0,0,7.0,7.0,7.0
194,2024-06-19 00:30:00,0.19995000000000002,-21.0,0,0.0,0.0,-50.0,0,50.0,0,21.0,10,3,0,0,0,0,0,0,0,7.0,7.0,7.0
195,2024-06-19 00:45:00,0.19995000000000002,-21.0,0,0.0,0.0,-50.0,0,50.0,0,21.0,10,3,0,0,0,0,0,0,0,7.0,7.0,7.0
196,2024-06-19 01:00:00,0.19143000000000002,-50.0,0,0.0,0.0,-50.0,0,50.0,0,50.0,10,8,7.0,7.0,7.0,7.0,7.0,7.0,7.0,1.0,0,0
197,2024-06-19 01:15:00,0.19143000000000002,-50.0,0,0.0,0.0,-50.0,0,50.0,0,50.0,10,8,7.0,7.0,7.0,7.0,7.0,7.0,7.0,1.0,0,0
198,2024-06-19 01:30:00,0.19143000000000002,-50.0,0,0.0,0.0,-50.0,0,50.0,0,50.0,10,8,7.0,7.0,7.0,7.0,7.0,7.0,7.0,1.0,0,0
199,2024-06-19 01:45:00,0.19143000000000002,-50.0,0,0.0,0.0,-50.0,0,50.0,0,50.0,10,8,7.0,7.0,7.0,7.0,7.0,7.0,7.0,1.0,0,0
200,2024-06-19 02:00:00,0.18685000000000002,-50.0,0,0.0,0.0,-50.0,0,50.0,0,50.0,10,8,7.0,7.0,7.0,7.0,7.0,7.0,7.0,1.0,0,0
201,2024-06-19 02:15:00,0.18685000000000002,-50.0,0,0.0,0.0,-50.0,0,50.0,0,50.0,10,8,7.0,7.0,7.0,7.0,7.0,7.0,7.0,1.0,0,0
202,2024-06-19 02:30:00,0.18685000000000002,-50.0,0,0.0,0.0,-50.0,0,50.0,0,50.0,10,8,7.0,7.0,7.0,7.0,7.0,7.0,7.0,1.0,0,0
203,2024-06-19 02:45:00,0.18685000000000002,-50.0,0,0.0,0.0,-50.0,0,50.0,0,50.0,10,8,7.0,7.0,7.0,7.0,7.0,7.0,7.0,1.0,0,0
204,2024-06-19 03:00:00,0.18578,-50.0,0,0.0,0.0,-50.0,0,50.0,0,50.0,10,8,7.0,7.0,7.0,7.0,7.0,7.0,7.0,1.0,0,0
205,2024-06-19 03:15:00,0.18578,-50.0,0,0.0,0.0,-50.0,0,50.0,0,50.0,10,8,7.0,7.0,7.0,7.0,7.0,7.0,7.0,1.0,0,0
206,2024-06-19 03:30:00,0.18578,-50.0,0,0.0,0.0,-50.0,0,50.0,0,50.0,10,8,7.0,7.0,7.0,7.0,7.0,7.0,7.0,1.0,0,0
207,2024-06-19 03:45:00,0.18578,-50.0,0,0.0,0.0,-50.0,0,50.0,0,50.0,10,8,7.0,7.0,7.0,7.0,7.0,7.0,7.0,1.0,0,0
208,2024-06-19 04:00:00,0.18347000000000002,-50.0,0,0.0,0.0,-50.0,0,50.0,0,50.0,10,8,7.0,7.0,7.0,7.0,7.0,7.0,7.0,1.0,0,0
209,2024-06-19 04:15:00,0.18347000000000002,-50.0,0,0.0,0.0,-50.0,0,50.0,0,50.0,10,8,7.0,7.0,7.0,7.0,7.0,7.0,7.0,1.0,0,0
210,2024-06-19 04:30:00,0.18347000000000002,-50.0,0,0.0,0.0,-50.0,0,50.0,0,50.0,10,8,7.0,7.0,7.0,7.0,7.0,7.0,7.0,1.0,0,0
211,2024-06-19 04:45:00,0.18347000000000002,-50.0,0,0.0,0.0,-50.0,0,50.0,0,50.0,10,8,7.0,7.0,7.0,7.0,7.0,7.0,7.0,1.0,0,0
212,2024-06-19 05:00:00,0.18641000000000002,-50.0,0,0.0,0.0,-50.0,0,50.0,0,50.0,10,8,7.0,7.0,7.0,7.0,7.0,7.0,7.0,1.0,0,0
213,2024-06-19 05:15:00,0.18641000000000002,-50.0,0,0.0,0.0,-50.0,0,50.0,0,50.0,10,8,7.0,7.0,7.0,7.0,7.0,7.0,7.0,1.0,0,0
214,2024-06-19 05:30:00,0.18641000000000002,-50.0,0,0.0,0.0,-50.0,0,50.0,0,50.0,10,8,7.0,7.0,7.0,7.0,7.0,7.0,7.0,1.0,0,0
215,2024-06-19 05:45:00,0.18641000000000002,-50.0,0,0.0,0.0,-50.0,0,50.0,0,50.0,10,8,7.0,7.0,7.0,7.0,7.0,7.0,7.0,1.0,0,0
216,2024-06-19 06:00:00,0.21255000000000002,-21.0,0,0.0,0.0,-50.0,0,50.0,0,21.0,10,3,0,0,0,0,0,0,0,7.0,7.0,7.0
217,2024-06-19 06:15:00,0.21255000000000002,-21.0,0,0.0,0.0,-50.0,0,50.0,0,21.0,10,3,0,0,0,0,0,0,0,7.0,7.0,7.0
218,2024-06-19 06:30:00,0.21255000000000002,-21.0,0,0.0,0.0,-50.0,0,50.0,0,21.0,10,3,0,0,0,0,0,0,0,7.0,7.0,7.0
219,2024-06-19 06:45:00,0.21255000000000002,-21.0,0,0.0,0.0,-50.0,0,50.0,0,21.0,10,3,0,0,0,0,0,0,0,7.0,7.0,7.0
220,2024-06-19 07:00:00,0.21683000000000002,-20.474,0,0.0,0.0,-50.0,0,50.0,0,20.474,10,3,0,0,0,0,0,0,0,6.474,7.0,7.0
221,2024-06-19 07:15:00,0.21683000000000002,-20.474,0,0.0,0.0,-50.0,0,50.0,0,20.474,10,3,0,0,0,0,0,0,0,6.474,7.0,7.0
222,2024-06-19 07:30:00,0.21683000000000002,-20.474,0,0.0,0.0,-50.0,0,50.0,0,20.474,10,3,0,0,0,0,0,0,0,6.474,7.0,7.0
223,2024-06-19 07:45:00,0.21683000000000002,-20.474,0,0.0,0.0,-50.0,0,50.0,0,20.474,10,3,0,0,0,0,0,0,0,6.474,7.0,7.0
224,2024-06-19 08:00:00,0.20733000000000001,-0.0,0,0.0,0.0,-50.0,0,50.0,-0.0,0,0,0,0,0,0,0,0,0,0,0,0,0
225,2024-06-19 08:15:00,0.20733000000000001,-0.0,0,0.0,0.0,-50.0,0,50.0,-0.0,0,0,0,0,0,0,0,0,0,0,0,0,0
226,2024-06-19 08:30:00,0.20733000000000001,-0.0,0,0.0,0.0,-50.0,0,50.0,-0.0,0,0,0,0,0,0,0,0,0,0,0,0,0
227,2024-06-19 08:45:00,0.20733000000000001,-0.0,0,0.0,0.0,-50.0,0,50.0,-0.0,0,0,0,0,0,0,0,0,0,0,0,0,0
228,2024-06-19 09:00:00,0.18631,-0.0,0,0.0,0.0,-50.0,0,50.0,-0.0,0,0,0,0,0,0,0,0,0,0,0,0,0
229,2024-06-19 09:15:00,0.18631,-0.0,0,0.0,0.0,-50.0,0,50.0,-0.0,0,0,0,0,0,0,0,0,0,0,0,0,0
230,2024-06-19 09:30:00,0.18631,-0.0,0,0.0,0.0,-50.0,0,50.0,-0.0,0,0,0,0,0,0,0,0,0,0,0,0,0
231,2024-06-19 09:45:00,0.18631,-0.0,0,0.0,0.0,-50.0,0,50.0,-0.0,0,0,0,0,0,0,0,0,0,0,0,0,0
232,2024-06-19 10:00:00,0.1751,-0.0,0,0.0,0.0,-50.0,0,50.0,-0.0,0,0,0,0,0,0,0,0,0,0,0,0,0
233,2024-06-19 10:15:00,0.1751,-0.0,0,0.0,0.0,-50.0,0,50.0,-0.0,0,0,0,0,0,0,0,0,0,0,0,0,0
234,2024-06-19 10:30:00,0.1751,-0.0,0,0.0,0.0,-50.0,0,50.0,-0.0,0,0,0,0,0,0,0,0,0,0,0,0,0
235,2024-06-19 10:45:00,0.1751,-0.0,0,0.0,0.0,-50.0,0,50.0,-0.0,0,0,0,0,0,0,0,0,0,0,0,0,0
236,2024-06-19 11:00:00,0.16623,-0.0,0,0.0,0.0,-50.0,0,50.0,-0.0,0,0,0,0,0,0,0,0,0,0,0,0,0
237,2024-06-19 11:15:00,0.16623,-0.0,0,0.0,0.0,-50.0,0,50.0,-0.0,0,0,0,0,0,0,0,0,0,0,0,0,0
238,2024-06-19 11:30:00,0.16623,-0.0,0,0.0,0.0,-50.0,0,50.0,-0.0,0,0,0,0,0,0,0,0,0,0,0,0,0
239,2024-06-19 11:45:00,0.16623,-0.0,0,0.0,0.0,-50.0,0,50.0,-0.0,0,0,0,0,0,0,0,0,0,0,0,0,0
240,2024-06-19 12:00:00,0.15803,-0.0,0,0.0,0.0,-50.0,0,50.0,-0.0,0,0,0,0,0,0,0,0,0,0,0,0,0
241,2024-06-19 12:15:00,0.15803,-0.0,0,0.0,0.0,-50.0,0,50.0,-0.0,0,0,0,0,0,0,0,0,0,0,0,0,0
242,2024-06-19 12:30:00,0.15803,-0.0,0,0.0,0.0,-50.0,0,50.0,-0.0,0,0,0,0,0,0,0,0,0,0,0,0,0
243,2024-06-19 12:45:00,0.15803,-0.0,0,0.0,0.0,-50.0,0,50.0,-0.0,0,0,0,0,0,0,0,0,0,0,0,0,0
244,2024-06-19 13:00:00,0.13984000000000002,-0.0,0,0.0,0.0,-50.0,0,50.0,-0.0,0,0,0,0,0,0,0,0,0,0,0,0,0
245,2024-06-19 13:15:00,0.13984000000000002,-0.0,0,0.0,0.0,-50.0,0,50.0,-0.0,0,0,0,0,0,0,0,0,0,0,0,0,0
246,2024-06-19 13:30:00,0.13984000000000002,-0.0,0,0.0,0.0,-50.0,0,50.0,-0.0,0,0,0,0,0,0,0,0,0,0,0,0,0
247,2024-06-19 13:45:00,0.13984000000000002,-0.0,0,0.0,0.0,-50.0,0,50.0,-0.0,0,0,0,0,0,0,0,0,0,0,0,0,0
248,2024-06-19 14:00:00,0.12241,-0.0,0,0.0,0.0,-50.0,0,50.0,-0.0,0,0,0,0,0,0,0,0,0,0,0,0,0
249,2024-06-19 14:15:00,0.12241,-0.0,0,0.0,0.0,-50.0,0,50.0,-0.0,0,0,0,0,0,0,0,0,0,0,0,0,0
250,2024-06-19 14:30:00,0.12241,-0.0,0,0.0,0.0,-50.0,0,50.0,-0.0,0,0,0,0,0,0,0,0,0,0,0,0,0
251,2024-06-19 14:45:00,0.12241,-0.0,0,0.0,0.0,-50.0,0,50.0,-0.0,0,0,0,0,0,0,0,0,0,0,0,0,0
252,2024-06-19 15:00:00,0.12356,-0.0,0,0.0,0.0,-50.0,0,50.0,-0.0,0,0,0,0,0,0,0,0,0,0,0,0,0
253,2024-06-19 15:15:00,0.12356,-0.0,0,0.0,0.0,-50.0,0,50.0,-0.0,0,0,0,0,0,0,0,0,0,0,0,0,0
254,2024-06-19 15:30:00,0.12356,-0.0,0,0.0,0.0,-50.0,0,50.0,-0.0,0,0,0,0,0,0,0,0,0,0,0,0,0
255,2024-06-19 15:45:00,0.12356,-0.0,0,0.0,0.0,-50.0,0,50.0,-0.0,0,0,0,0,0,0,0,0,0,0,0,0,0
256,2024-06-19 16:00:00,0.15990000000000001,-0.0,0,0.0,0.0,-50.0,0,50.0,-0.0,0,0,0,0,0,0,0,0,0,0,0,0,0
257,2024-06-19 16:15:00,0.15990000000000001,-0.0,0,0.0,0.0,-50.0,0,50.0,-0.0,0,0,0,0,0,0,0,0,0,0,0,0,0
258,2024-06-19 16:30:00,0.15990000000000001,-0.0,0,0.0,0.0,-50.0,0,50.0,-0.0,0,0,0,0,0,0,0,0,0,0,0,0,0
259,2024-06-19 16:45:00,0.15990000000000001,-0.0,0,0.0,0.0,-50.0,0,50.0,-0.0,0,0,0,0,0,0,0,0,0,0,0,0,0
260,2024-06-19 17:00:00,0.17,-0.0,0,0.0,0.0,-50.0,0,50.0,-0.0,0,0,0,0,0,0,0,0,0,0,0,0,0
261,2024-06-19 17:15:00,0.17,-0.0,0,0.0,0.0,-50.0,0,50.0,-0.0,0,0,0,0,0,0,0,0,0,0,0,0,0
262,2024-06-19 17:30:00,0.17,-0.0,0,0.0,0.0,-50.0,0,50.0,-0.0,0,0,0,0,0,0,0,0,0,0,0,0,0
263,2024-06-19 17:45:00,0.17,-0.0,0,0.0,0.0,-50.0,0,50.0,-0.0,0,0,0,0,0,0,0,0,0,0,0,0,0
264,2024-06-19 18:00:00,0.18844,-0.0,0,0.0,0.0,-50.0,0,50.0,-0.0,0,0,0,0,0,0,0,0,0,0,0,0,0
265,2024-06-19 18:15:00,0.18844,-0.0,0,0.0,0.0,-50.0,0,50.0,-0.0,0,0,0,0,0,0,0,0,0,0,0,0,0
266,2024-06-19 18:30:00,0.18844,-0.0,0,0.0,0.0,-50.0,0,50.0,-0.0,0,0,0,0,0,0,0,0,0,0,0,0,0
267,2024-06-19 18:45:00,0.18844,-0.0,0,0.0,0.0,-50.0,0,50.0,-0.0,0,0,0,0,0,0,0,0,0,0,0,0,0
268,2024-06-19 19:00:00,0.20290000000000002,-21.0,0,0.0,0.0,-50.0,0,50.0,0,21.0,10,3,0,0,0,0,0,0,0,7.0,7.0,7.0
269,2024-06-19 19:15:00,0.20290000000000002,-21.0,0,0.0,0.0,-50.0,0,50.0,0,21.0,10,3,0,0,0,0,0,0,0,7.0,7.0,7.0
270,2024-06-19 19:30:00,0.20290000000000002,-21.0,0,0.0,0.0,-50.0,0,50.0,0,21.0,10,3,0,0,0,0,0,0,0,7.0,7.0,7.0
271,2024-06-19 19:45:00,0.20290000000000002,-21.0,0,0.0,0.0,-50.0,0,50.0,0,21.0,10,3,0,0,0,0,0,0,0,7.0,7.0,7.0
272,2024-06-19 20:00:00,0.24366000000000002,-0.0,0,0.0,0.0,-50.0,0,50.0,-0.0,0,10,0,0,0,0,0,0,0,0,0,0,0
273,2024-06-19 20:15:00,0.24366000000000002,-0.0,0,0.0,0.0,-50.0,0,50.0,-0.0,0,10,0,0,0,0,0,0,0,0,0,0,0
274,2024-06-19 20:30:00,0.24366000000000002,-0.0,0,0.0,0.0,-50.0,0,50.0,-0.0,0,10,0,0,0,0,0,0,0,0,0,0,0
275,2024-06-19 20:45:00,0.24366000000000002,-0.0,0,0.0,0.0,-50.0,0,50.0,-0.0,0,10,0,0,0,0,0,0,0,0,0,0,0
276,2024-06-19 21:00:00,0.21508,-0.0,0,0.0,0.0,-50.0,0,50.0,-0.0,0,10,0,0,0,0,0,0,0,0,0,0,0
277,2024-06-19 21:15:00,0.21508,-0.0,0,0.0,0.0,-50.0,0,50.0,-0.0,0,10,0,0,0,0,0,0,0,0,0,0,0
278,2024-06-19 21:30:00,0.21508,-0.0,0,0.0,0.0,-50.0,0,50.0,-0.0,0,10,0,0,0,0,0,0,0,0,0,0,0
279,2024-06-19 21:45:00,0.21508,-0.0,0,0.0,0.0,-50.0,0,50.0,-0.0,0,10,0,0,0,0,0,0,0,0,0,0,0
280,2024-06-19 22:00:00,0.20826,-21.0,0,0.0,0.0,-50.0,0,50.0,0,21.0,10,3,0,0,0,0,0,0,0,7.0,7.0,7.0
281,2024-06-19 22:15:00,0.20826,-21.0,0,0.0,0.0,-50.0,0,50.0,0,21.0,10,3,0,0,0,0,0,0,0,7.0,7.0,7.0
282,2024-06-19 22:30:00,0.20826,-21.0,0,0.0,0.0,-50.0,0,50.0,0,21.0,10,3,0,0,0,0,0,0,0,7.0,7.0,7.0
283,2024-06-19 22:45:00,0.20826,-21.0,0,0.0,0.0,-50.0,0,50.0,0,21.0,10,3,0,0,0,0,0,0,0,7.0,7.0,7.0
284,2024-06-19 23:00:00,0.19321,-21.0,0,0.0,0.0,-50.0,0,50.0,0,21.0,10,3,0,0,0,0,0,0,0,7.0,7.0,7.0
285,2024-06-19 23:15:00,0.19321,-21.0,0,0.0,0.0,-50.0,0,50.0,0,21.0,10,3,0,0,0,0,0,0,0,7.0,7.0,7.0
286,2024-06-19 23:30:00,0.19321,-21.0,0,0.0,0.0,-50.0,0,50.0,0,21.0,10,3,0,0,0,0,0,0,0,7.0,7.0,7.0
287,2024-06-19 23:45:00,0.19321,-21.0,0,0.0,0.0,-50.0,0,50.0,0,21.0,10,3,0,0,0,0,0,0,0,7.0,7.0,7.0
288,2024-06-20 00:00:00,0.18589,-50.0,0,0.0,0.0,-50.0,0,50.0,0,50.0,10,8,7.0,7.0,7.0,7.0,7.0,7.0,7.0,1.0,0,0
289,2024-06-20 00:15:00,0.18589,-50.0,0,0.0,0.0,-50.0,0,50.0,0,50.0,10,8,7.0,7.0,7.0,7.0,7.0,7.0,7.0,1.0,0,0
290,2024-06-20 00:30:00,0.18589,-50.0,0,0.0,0.0,-50.0,0,50.0,0,50.0,10,8,7.0,7.0,7.0,7.0,7.0,7.0,7.0,1.0,0,0
291,2024-06-20 00:45:00,0.18589,-50.0,0,0.0,0.0,-50.0,0,50.0,0,50.0,10,8,7.0,7.0,7.0,7.0,7.0,7.0,7.0,1.0,0,0
292,2024-06-20 01:00:00,0.17862,-50.0,0,0.0,0.0,-50.0,0,50.0,0,50.0,10,8,7.0,7.0,7.0,7.0,7.0,7.0,7.0,1.0,0,0
293,2024-06-20 01:15:00,0.17862,-50.0,0,0.0,0.0,-50.0,0,50.0,0,50.0,10,8,7.0,7.0,7.0,7.0,7.0,7.0,7.0,1.0,0,0
294,2024-06-20 01:30:00,0.17862,-50.0,0,0.0,0.0,-50.0,0,50.0,0,50.0,10,8,7.0,7.0,7.0,7.0,7.0,7.0,7.0,1.0,0,0
295,2024-06-20 01:45:00,0.17862,-50.0,0,0.0,0.0,-50.0,0,50.0,0,50.0,10,8,7.0,7.0,7.0,7.0,7.0,7.0,7.0,1.0,0,0
296,2024-06-20 02:00:00,0.17887999999999998,-50.0,0,0.0,0.0,-50.0,0,50.0,0,50.0,10,8,7.0,7.0,7.0,7.0,7.0,7.0,7.0,1.0,0,0
297,2024-06-20 02:15:00,0.17887999999999998,-50.0,0,0.0,0.0,-50.0,0,50.0,0,50.0,10,8,7.0,7.0,7.0,7.0,7.0,7.0,7.0,1.0,0,0
298,2024-06-20 02:30:00,0.17887999999999998,-50.0,0,0.0,0.0,-50.0,0,50.0,0,50.0,10,8,7.0,7.0,7.0,7.0,7.0,7.0,7.0,1.0,0,0
299,2024-06-20 02:45:00,0.17887999999999998,-50.0,0,0.0,0.0,-50.0,0,50.0,0,50.0,10,8,7.0,7.0,7.0,7.0,7.0,7.0,7.0,1.0,0,0
300,2024-06-20 03:00:00,0.17881999999999998,-50.0,0,0.0,0.0,-50.0,0,50.0,0,50.0,10,8,7.0,7.0,7.0,7.0,7.0,7.0,7.0,1.0,0,0
301,2024-06-20 03:15:00,0.17881999999999998,-50.0,0,0.0,0.0,-50.0,0,50.0,0,50.0,10,8,7.0,7.0,7.0,7.0,7.0,7.0,7.0,1.0,0,0
302,2024-06-20 03:30:00,0.17881999999999998,-50.0,0,0.0,0.0,-50.0,0,50.0,0,50.0,10,8,7.0,7.0,7.0,7.0,7.0,7.0,7.0,1.0,0,0
303,2024-06-20 03:45:00,0.17881999999999998,-50.0,0,0.0,0.0,-50.0,0,50.0,0,50.0,10,8,7.0,7.0,7.0,7.0,7.0,7.0,7.0,1.0,0,0
304,2024-06-20 04:00:00,0.17862,-50.0,0,0.0,0.0,-50.0,0,50.0,0,50.0,10,8,7.0,7.0,7.0,7.0,7.0,7.0,7.0,1.0,0,0
305,2024-06-20 04:15:00,0.17862,-50.0,0,0.0,0.0,-50.0,0,50.0,0,50.0,10,8,7.0,7.0,7.0,7.0,7.0,7.0,7.0,1.0,0,0
306,2024-06-20 04:30:00,0.17862,-50.0,0,0.0,0.0,-50.0,0,50.0,0,50.0,10,8,7.0,7.0,7.0,7.0,7.0,7.0,7.0,1.0,0,0
307,2024-06-20 04:45:00,0.17862,-50.0,0,0.0,0.0,-50.0,0,50.0,0,50.0,10,8,7.0,7.0,7.0,7.0,7.0,7.0,7.0,1.0,0,0
308,2024-06-20 05:00:00,0.18655,-50.0,0,0.0,0.0,-50.0,0,50.0,0,50.0,10,10,4.474,4.474,4.474,4.474,4.474,4.474,4.474,7.0,7.0,4.684
309,2024-06-20 05:15:00,0.18655,-50.0,0,0.0,0.0,-50.0,0,50.0,0,50.0,10,10,4.474,4.474,4.474,4.474,4.474,4.474,4.474,7.0,7.0,4.684
310,2024-06-20 05:30:00,0.18655,-50.0,0,0.0,0.0,-50.0,0,50.0,0,50.0,10,10,4.474,4.474,4.474,4.474,4.474,4.474,4.474,7.0,7.0,4.684
311,2024-06-20 05:45:00,0.18655,-50.0,0,0.0,0.0,-50.0,0,50.0,0,50.0,10,10,4.474,4.474,4.474,4.474,4.474,4.474,4.474,7.0,7.0,4.684
312,2024-06-20 06:00:00,0.21411000000000002,-11.263,0,0.0,0.0,-50.0,0,50.0,0,11.263,10,2,0,0,0,0,0,0,0,0,4.474,6.789
313,2024-06-20 06:15:00,0.21411000000000002,-11.263,0,0.0,0.0,-50.0,0,50.0,0,11.263,10,2,0,0,0,0,0,0,0,0,4.474,6.789
314,2024-06-20 06:30:00,0.21411000000000002,-11.263,0,0.0,0.0,-50.0,0,50.0,0,11.263,10,2,0,0,0,0,0,0,0,0,4.474,6.789
315,2024-06-20 06:45:00,0.21411000000000002,-11.263,0,0.0,0.0,-50.0,0,50.0,0,11.263,10,2,0,0,0,0,0,0,0,0,4.474,6.789
316,2024-06-20 07:00:00,0.21284000000000003,-20.474,0,0.0,0.0,-50.0,0,50.0,0,20.474,10,3,0,0,0,0,0,0,0,6.474,7.0,7.0
317,2024-06-20 07:15:00,0.21284000000000003,-20.474,0,0.0,0.0,-50.0,0,50.0,0,20.474,10,3,0,0,0,0,0,0,0,6.474,7.0,7.0
318,2024-06-20 07:30:00,0.21284000000000003,-20.474,0,0.0,0.0,-50.0,0,50.0,0,20.474,10,3,0,0,0,0,0,0,0,6.474,7.0,7.0
319,2024-06-20 07:45:00,0.21284000000000003,-20.474,0,0.0,0.0,-50.0,0,50.0,0,20.474,10,3,0,0,0,0,0,0,0,6.474,7.0,7.0
320,2024-06-20 08:00:00,0.20299,-0.0,0,0.0,0.0,-50.0,0,50.0,-0.0,0,0,0,0,0,0,0,0,0,0,0,0,0
321,2024-06-20 08:15:00,0.20299,-0.0,0,0.0,0.0,-50.0,0,50.0,-0.0,0,0,0,0,0,0,0,0,0,0,0,0,0
322,2024-06-20 08:30:00,0.20299,-0.0,0,0.0,0.0,-50.0,0,50.0,-0.0,0,0,0,0,0,0,0,0,0,0,0,0,0
323,2024-06-20 08:45:00,0.20299,-0.0,0,0.0,0.0,-50.0,0,50.0,-0.0,0,0,0,0,0,0,0,0,0,0,0,0,0
324,2024-06-20 09:00:00,0.18069000000000002,-0.0,0,0.0,0.0,-50.0,0,50.0,-0.0,0,0,0,0,0,0,0,0,0,0,0,0,0
325,2024-06-20 09:15:00,0.18069000000000002,-0.0,0,0.0,0.0,-50.0,0,50.0,-0.0,0,0,0,0,0,0,0,0,0,0,0,0,0
326,2024-06-20 09:30:00,0.18069000000000002,-0.0,0,0.0,0.0,-50.0,0,50.0,-0.0,0,0,0,0,0,0,0,0,0,0,0,0,0
327,2024-06-20 09:45:00,0.18069000000000002,-0.0,0,0.0,0.0,-50.0,0,50.0,-0.0,0,0,0,0,0,0,0,0,0,0,0,0,0
328,2024-06-20 10:00:00,0.16913,-0.0,0,0.0,0.0,-50.0,0,50.0,-0.0,0,0,0,0,0,0,0,0,0,0,0,0,0
329,2024-06-20 10:15:00,0.16913,-0.0,0,0.0,0.0,-50.0,0,50.0,-0.0,0,0,0,0,0,0,0,0,0,0,0,0,0
330,2024-06-20 10:30:00,0.16913,-0.0,0,0.0,0.0,-50.0,0,50.0,-0.0,0,0,0,0,0,0,0,0,0,0,0,0,0
331,2024-06-20 10:45:00,0.16913,-0.0,0,0.0,0.0,-50.0,0,50.0,-0.0,0,0,0,0,0,0,0,0,0,0,0,0,0
332,2024-06-20 11:00:00,0.15877000000000002,-0.0,0,0.0,0.0,-50.0,0,50.0,-0.0,0,0,0,0,0,0,0,0,0,0,0,0,0
333,2024-06-20 11:15:00,0.15877000000000002,-0.0,0,0.0,0.0,-50.0,0,50.0,-0.0,0,0,0,0,0,0,0,0,0,0,0,0,0
334,2024-06-20 11:30:00,0.15877000000000002,-0.0,0,0.0,0.0,-50.0,0,50.0,-0.0,0,0,0,0,0,0,0,0,0,0,0,0,0
335,2024-06-20 11:45:00,0.15877000000000002,-0.0,0,0.0,0.0,-50.0,0,50.0,-0.0,0,0,0,0,0,0,0,0,0,0,0,0,0
336,2024-06-20 12:00:00,0.15546000000000001,-0.0,0,0.0,0.0,-50.0,0,50.0,-0.0,0,0,0,0,0,0,0,0,0,0,0,0,0
337,2024-06-20 12:15:00,0.15546000000000001,-0.0,0,0.0,0.0,-50.0,0,50.0,-0.0,0,0,0,0,0,0,0,0,0,0,0,0,0
338,2024-06-20 12:30:00,0.15546000000000001,-0.0,0,0.0,0.0,-50.0,0,50.0,-0.0,0,0,0,0,0,0,0,0,0,0,0,0,0
339,2024-06-20 12:45:00,0.15546000000000001,-0.0,0,0.0,0.0,-50.0,0,50.0,-0.0,0,0,0,0,0,0,0,0,0,0,0,0,0
340,2024-06-20 13:00:00,0.15381,-0.0,0,0.0,0.0,-50.0,0,50.0,-0.0,0,0,0,0,0,0,0,0,0,0,0,0,0
341,2024-06-20 13:15:00,0.15381,-0.0,0,0.0,0.0,-50.0,0,50.0,-0.0,0,0,0,0,0,0,0,0,0,0,0,0,0
342,2024-06-20 13:30:00,0.15381,-0.0,0,0.0,0.0,-50.0,0,50.0,-0.0,0,0,0,0,0,0,0,0,0,0,0,0,0
343,2024-06-20 13:45:00,0.15381,-0.0,0,0.0,0.0,-50.0,0,50.0,-0.0,0,0,0,0,0,0,0,0,0,0,0,0,0
344,2024-06-20 14:00:00,0.15718000000000001,-0.0,0,0.0,0.0,-50.0,0,50.0,-0.0,0,0,0,0,0,0,0,0,0,0,0,0,0
345,2024-06-20 14:15:00,0.15718000000000001,-0.0,0,0.0,0.0,-50.0,0,50.0,-0.0,0,0,0,0,0,0,0,0,0,0,0,0,0
346,2024-06-20 14:30:00,0.15718000000000001,-0.0,0,0.0,0.0,-50.0,0,50.0,-0.0,0,0,0,0,0,0,0,0,0,0,0,0,0
347,2024-06-20 14:45:00,0.15718000000000001,-0.0,0,0.0,0.0,-50.0,0,50.0,-0.0,0,0,0,0,0,0,0,0,0,0,0,0,0
348,2024-06-20 15:00:00,0.16858,-0.0,0,0.0,0.0,-50.0,0,50.0,-0.0,0,0,0,0,0,0,0,0,0,0,0,0,0
349,2024-06-20 15:15:00,0.16858,-0.0,0,0.0,0.0,-50.0,0,50.0,-0.0,0,0,0,0,0,0,0,0,0,0,0,0,0
350,2024-06-20 15:30:00,0.16858,-0.0,0,0.0,0.0,-50.0,0,50.0,-0.0,0,0,0,0,0,0,0,0,0,0,0,0,0
351,2024-06-20 15:45:00,0.16858,-0.0,0,0.0,0.0,-50.0,0,50.0,-0.0,0,0,0,0,0,0,0,0,0,0,0,0,0
352,2024-06-20 16:00:00,0.18,-0.0,0,0.0,0.0,-50.0,0,50.0,-0.0,0,0,0,0,0,0,0,0,0,0,0,0,0
353,2024-06-20 16:15:00,0.18,-0.0,0,0.0,0.0,-50.0,0,50.0,-0.0,0,0,0,0,0,0,0,0,0,0,0,0,0
354,2024-06-20 16:30:00,0.18,-0.0,0,0.0,0.0,-50.0,0,50.0,-0.0,0,0,0,0,0,0,0,0,0,0,0,0,0
355,2024-06-20 16:45:00,0.18,-0.0,0,0.0,0.0,-50.0,0,50.0,-0.0,0,0,0,0,0,0,0,0,0,0,0,0,0
356,2024-06-20 17:00:00,0.19827,-0.0,0,0.0,0.0,-50.0,0,50.0,-0.0,0,0,0,0,0,0,0,0,0,0,0,0,0
357,2024-06-20 17:15:00,0.19827,-0.0,0,0.0,0.0,-50.0,0,50.0,-0.0,0,0,0,0,0,0,0,0,0,0,0,0,0
358,2024-06-20 17:30:00,0.19827,-0.0,0,0.0,0.0,-50.0,0,50.0,-0.0,0,0,0,0,0,0,0,0,0,0,0,0,0
359,2024-06-20 17:45:00,0.19827,-0.0,0,0.0,0.0,-50.0,0,50.0,-0.0,0,0,0,0,0,0,0,0,0,0,0,0,0
360,2024-06-20 18:00:00,0.21931,-0.0,0,0.0,0.0,-50.0,0,50.0,-0.0,0,0,0,0,0,0,0,0,0,0,0,0,0
361,2024-06-20 18:15:00,0.21931,-0.0,0,0.0,0.0,-50.0,0,50.0,-0.0,0,0,0,0,0,0,0,0,0,0,0,0,0
362,2024-06-20 18:30:00,0.21931,-0.0,0,0.0,0.0,-50.0,0,50.0,-0.0,0,0,0,0,0,0,0,0,0,0,0,0,0
363,2024-06-20 18:45:00,0.21931,-0.0,0,0.0,0.0,-50.0,0,50.0,-0.0,0,0,0,0,0,0,0,0,0,0,0,0,0
364,2024-06-20 19:00:00,0.25562,-0.0,0,0.0,0.0,-50.0,0,50.0,-0.0,0,10,0,0,0,0,0,0,0,0,0,0,0
365,2024-06-20 19:15:00,0.25562,-0.0,0,0.0,0.0,-50.0,0,50.0,-0.0,0,10,0,0,0,0,0,0,0,0,0,0,0
366,2024-06-20 19:30:00,0.25562,-0.0,0,0.0,0.0,-50.0,0,50.0,-0.0,0,10,0,0,0,0,0,0,0,0,0,0,0
367,2024-06-20 19:45:00,0.25562,-0.0,0,0.0,0.0,-50.0,0,50.0,-0.0,0,10,0,0,0,0,0,0,0,0,0,0,0
368,2024-06-20 20:00:00,0.30008999999999997,-0.0,0,0.0,0.0,-50.0,0,50.0,-0.0,0,10,0,0,0,0,0,0,0,0,0,0,0
369,2024-06-20 20:15:00,0.30008999999999997,-0.0,0,0.0,0.0,-50.0,0,50.0,-0.0,0,10,0,0,0,0,0,0,0,0,0,0,0
370,2024-06-20 20:30:00,0.30008999999999997,-0.0,0,0.0,0.0,-50.0,0,50.0,-0.0,0,10,0,0,0,0,0,0,0,0,0,0,0
371,2024-06-20 20:45:00,0.30008999999999997,-0.0,0,0.0,0.0,-50.0,0,50.0,-0.0,0,10,0,0,0,0,0,0,0,0,0,0,0
372,2024-06-20 21:00:00,0.23006000000000001,-11.263,0,0.0,0.0,-50.0,0,50.0,0,11.263,10,2,0,0,0,0,0,0,0,0,4.474,6.789
373,2024-06-20 21:15:00,0.23006000000000001,-11.263,0,0.0,0.0,-50.0,0,50.0,0,11.263,10,2,0,0,0,0,0,0,0,0,4.474,6.789
374,2024-06-20 21:30:00,0.23006000000000001,-11.263,0,0.0,0.0,-50.0,0,50.0,0,11.263,10,2,0,0,0,0,0,0,0,0,4.474,6.789
375,2024-06-20 21:45:00,0.23006000000000001,-11.263,0,0.0,0.0,-50.0,0,50.0,0,11.263,10,2,0,0,0,0,0,0,0,0,4.474,6.789
376,2024-06-20 22:00:00,0.21183000000000002,-21.0,0,0.0,0.0,-50.0,0,50.0,0,21.0,10,3,0,0,0,0,0,0,0,7.0,7.0,7.0
377,2024-06-20 22:15:00,0.21183000000000002,-21.0,0,0.0,0.0,-50.0,0,50.0,0,21.0,10,3,0,0,0,0,0,0,0,7.0,7.0,7.0
378,2024-06-20 22:30:00,0.21183000000000002,-21.0,0,0.0,0.0,-50.0,0,50.0,0,21.0,10,3,0,0,0,0,0,0,0,7.0,7.0,7.0
379,2024-06-20 22:45:00,0.21183000000000002,-21.0,0,0.0,0.0,-50.0,0,50.0,0,21.0,10,3,0,0,0,0,0,0,0,7.0,7.0,7.0
380,2024-06-20 23:00:00,0.19505,-50.0,0,0.0,0.0,-50.0,0,50.0,0,50.0,10,10,4.474,4.474,4.474,4.474,4.474,4.474,4.474,7.0,7.0,4.684
381,2024-06-20 23:15:00,0.19505,-50.0,0,0.0,0.0,-50.0,0,50.0,0,50.0,10,10,4.474,4.474,4.474,4.474,4.474,4.474,4.474,7.0,7.0,4.684
382,2024-06-20 23:30:00,0.19505,-50.0,0,0.0,0.0,-50.0,0,50.0,0,50.0,10,10,4.474,4.474,4.474,4.474,4.474,4.474,4.474,7.0,7.0,4.684
383,2024-06-20 23:45:00,0.19505,-50.0,0,0.0,0.0,-50.0,0,50.0,0,50.0,10,10,4.474,4.474,4.474,4.474,4.474,4.474,4.474,7.0,7.0,4.684
384,2024-06-21 00:00:00,0.20081,-21.0,0,0.0,0.0,-50.0,0,50.0,0,21.0,10,3,0,0,0,0,0,0,0,7.0,7.0,7.0
385,2024-06-21 00:15:00,0.20081,-21.0,0,0.0,0.0,-50.0,0,50.0,0,21.0,10,3,0,0,0,0,0,0,0,7.0,7.0,7.0
386,2024-06-21 00:30:00,0.20081,-21.0,0,0.0,0.0,-50.0,0,50.0,0,21.0,10,3,0,0,0,0,0,0,0,7.0,7.0,7.0
387,2024-06-21 00:45:00,0.20081,-21.0,0,0.0,0.0,-50.0,0,50.0,0,21.0,10,3,0,0,0,0,0,0,0,7.0,7.0,7.0
388,2024-06-21 01:00:00,0.19077,-50.0,0,0.0,0.0,-50.0,0,50.0,0,50.0,10,8,7.0,7.0,7.0,7.0,7.0,7.0,7.0,1.0,0,0
389,2024-06-21 01:15:00,0.19077,-50.0,0,0.0,0.0,-50.0,0,50.0,0,50.0,10,8,7.0,7.0,7.0,7.0,7.0,7.0,7.0,1.0,0,0
390,2024-06-21 01:30:00,0.19077,-50.0,0,0.0,0.0,-50.0,0,50.0,0,50.0,10,8,7.0,7.0,7.0,7.0,7.0,7.0,7.0,1.0,0,0
391,2024-06-21 01:45:00,0.19077,-50.0,0,0.0,0.0,-50.0,0,50.0,0,50.0,10,8,7.0,7.0,7.0,7.0,7.0,7.0,7.0,1.0,0,0
392,2024-06-21 02:00:00,0.18995,-50.0,0,0.0,0.0,-50.0,0,50.0,0,50.0,10,8,7.0,7.0,7.0,7.0,7.0,7.0,7.0,1.0,0,0
393,2024-06-21 02:15:00,0.18995,-50.0,0,0.0,0.0,-50.0,0,50.0,0,50.0,10,8,7.0,7.0,7.0,7.0,7.0,7.0,7.0,1.0,0,0
394,2024-06-21 02:30:00,0.18995,-50.0,0,0.0,0.0,-50.0,0,50.0,0,50.0,10,8,7.0,7.0,7.0,7.0,7.0,7.0,7.0,1.0,0,0
395,2024-06-21 02:45:00,0.18995,-50.0,0,0.0,0.0,-50.0,0,50.0,0,50.0,10,8,7.0,7.0,7.0,7.0,7.0,7.0,7.0,1.0,0,0
396,2024-06-21 03:00:00,0.18783,-50.0,0,0.0,0.0,-50.0,0,50.0,0,50.0,10,8,7.0,7.0,7.0,7.0,7.0,7.0,7.0,1.0,0,0
397,2024-06-21 03:15:00,0.18783,-50.0,0,0.0,0.0,-50.0,0,50.0,0,50.0,10,8,7.0,7.0,7.0,7.0,7.0,7.0,7.0,1.0,0,0
398,2024-06-21 03:30:00,0.18783,-50.0,0,0.0,0.0,-50.0,0,50.0,0,50.0,10,8,7.0,7.0,7.0,7.0,7.0,7.0,7.0,1.0,0,0
399,2024-06-21 03:45:00,0.18783,-50.0,0,0.0,0.0,-50.0,0,50.0,0,50.0,10,8,7.0,7.0,7.0,7.0,7.0,7.0,7.0,1.0,0,0
400,2024-06-21 04:00:00,0.18631,-50.0,0,0.0,0.0,-50.0,0,50.0,0,50.0,10,8,7.0,7.0,7.0,7.0,7.0,7.0,7.0,1.0,0,0
401,2024-06-21 04:15:00,0.18631,-50.0,0,0.0,0.0,-50.0,0,50.0,0,50.0,10,8,7.0,7.0,7.0,7.0,7.0,7.0,7.0,1.0,0,0
402,2024-06-21 04:30:00,0.18631,-50.0,0,0.0,0.0,-50.0,0,50.0,0,50.0,10,8,7.0,7.0,7.0,7.0,7.0,7.0,7.0,1.0,0,0
403,2024-06-21 04:45:00,0.18631,-50.0,0,0.0,0.0,-50.0,0,50.0,0,50.0,10,8,7.0,7.0,7.0,7.0,7.0,7.0,7.0,1.0,0,0
404,2024-06-21 05:00:00,0.18614,-50.0,0,0.0,0.0,-50.0,0,50.0,0,50.0,10,8,7.0,7.0,7.0,7.0,7.0,7.0,7.0,1.0,0,0
405,2024-06-21 05:15:00,0.18614,-50.0,0,0.0,0.0,-50.0,0,50.0,0,50.0,10,8,7.0,7.0,7.0,7.0,7.0,7.0,7.0,1.0,0,0
406,2024-06-21 05:30:00,0.18614,-50.0,0,0.0,0.0,-50.0,0,50.0,0,50.0,10,8,7.0,7.0,7.0,7.0,7.0,7.0,7.0,1.0,0,0
407,2024-06-21 05:45:00,0.18614,-50.0,0,0.0,0.0,-50.0,0,50.0,0,50.0,10,8,7.0,7.0,7.0,7.0,7.0,7.0,7.0,1.0,0,0
408,2024-06-21 06:00:00,0.19692,-21.0,0,0.0,0.0,-50.0,0,50.0,0,21.0,10,3,0,0,0,0,0,0,0,7.0,7.0,7.0
409,2024-06-21 06:15:00,0.19692,-21.0,0,0.0,0.0,-50.0,0,50.0,0,21.0,10,3,0,0,0,0,0,0,0,7.0,7.0,7.0
410,2024-06-21 06:30:00,0.19692,-21.0,0,0.0,0.0,-50.0,0,50.0,0,21.0,10,3,0,0,0,0,0,0,0,7.0,7.0,7.0
411,2024-06-21 06:45:00,0.19692,-21.0,0,0.0,0.0,-50.0,0,50.0,0,21.0,10,3,0,0,0,0,0,0,0,7.0,7.0,7.0
412,2024-06-21 07:00:00,0.2228,-20.474,0,0.0,0.0,-50.0,0,50.0,0,20.474,10,3,0,0,0,0,0,0,0,6.474,7.0,7.0
413,2024-06-21 07:15:00,0.2228,-20.474,0,0.0,0.0,-50.0,0,50.0,0,20.474,10,3,0,0,0,0,0,0,0,6.474,7.0,7.0
414,2024-06-21 07:30:00,0.2228,-20.474,0,0.0,0.0,-50.0,0,50.0,0,20.474,10,3,0,0,0,0,0,0,0,6.474,7.0,7.0
415,2024-06-21 07:45:00,0.2228,-20.474,0,0.0,0.0,-50.0,0,50.0,0,20.474,10,3,0,0,0,0,0,0,0,6.474,7.0,7.0
416,2024-06-21 08:00:00,0.22184,-0.0,0,0.0,0.0,-50.0,0,50.0,-0.0,0,0,0,0,0,0,0,0,0,0,0,0,0
417,2024-06-21 08:15:00,0.22184,-0.0,0,0.0,0.0,-50.0,0,50.0,-0.0,0,0,0,0,0,0,0,0,0,0,0,0,0
418,2024-06-21 08:30:00,0.22184,-0.0,0,0.0,0.0,-50.0,0,50.0,-0.0,0,0,0,0,0,0,0,0,0,0,0,0,0
419,2024-06-21 08:45:00,0.22184,-0.0,0,0.0,0.0,-50.0,0,50.0,-0.0,0,0,0,0,0,0,0,0,0,0,0,0,0
420,2024-06-21 09:00:00,0.21167000000000002,-0.0,0,0.0,0.0,-50.0,0,50.0,-0.0,0,0,0,0,0,0,0,0,0,0,0,0,0
421,2024-06-21 09:15:00,0.21167000000000002,-0.0,0,0.0,0.0,-50.0,0,50.0,-0.0,0,0,0,0,0,0,0,0,0,0,0,0,0
422,2024-06-21 09:30:00,0.21167000000000002,-0.0,0,0.0,0.0,-50.0,0,50.0,-0.0,0,0,0,0,0,0,0,0,0,0,0,0,0
423,2024-06-21 09:45:00,0.21167000000000002,-0.0,0,0.0,0.0,-50.0,0,50.0,-0.0,0,0,0,0,0,0,0,0,0,0,0,0,0
424,2024-06-21 10:00:00,0.20065,-0.0,0,0.0,0.0,-50.0,0,50.0,-0.0,0,0,0,0,0,0,0,0,0,0,0,0,0
425,2024-06-21 10:15:00,0.20065,-0.0,0,0.0,0.0,-50.0,0,50.0,-0.0,0,0,0,0,0,0,0,0,0,0,0,0,0
426,2024-06-21 10:30:00,0.20065,-0.0,0,0.0,0.0,-50.0,0,50.0,-0.0,0,0,0,0,0,0,0,0,0,0,0,0,0
427,2024-06-21 10:45:00,0.20065,-0.0,0,0.0,0.0,-50.0,0,50.0,-0.0,0,0,0,0,0,0,0,0,0,0,0,0,0
428,2024-06-21 11:00:00,0.18994,-0.0,0,0.0,0.0,-50.0,0,50.0,-0.0,0,0,0,0,0,0,0,0,0,0,0,0,0
429,2024-06-21 11:15:00,0.18994,-0.0,0,0.0,0.0,-50.0,0,50.0,-0.0,0,0,0,0,0,0,0,0,0,0,0,0,0
430,2024-06-21 11:30:00,0.18994,-0.0,0,0.0,0.0,-50.0,0,50.0,-0.0,0,0,0,0,0,0,0,0,0,0,0,0,0
431,2024-06-21 11:45:00,0.18994,-0.0,0,0.0,0.0,-50.0,0,50.0,-0.0,0,0,0,0,0,0,0,0,0,0,0,0,0
432,2024-06-21 12:00:00,0.18854,-0.0,0,0.0,0.0,-50.0,0,50.0,-0.0,0,0,0,0,0,0,0,0,0,0,0,0,0
433,2024-06-21 12:15:00,0.18854,-0.0,0,0.0,0.0,-50.0,0,50.0,-0.0,0,0,0,0,0,0,0,0,0,0,0,0,0
434,2024-06-21 12:30:00,0.18854,-0.0,0,0.0,0.0,-50.0,0,50.0,-0.0,0,0,0,0,0,0,0,0,0,0,0,0,0
435,2024-06-21 12:45:00,0.18854,-0.0,0,0.0,0.0,-50.0,0,50.0,-0.0,0,0,0,0,0,0,0,0,0,0,0,0,0
436,2024-06-21 13:00:00,0.18268,-0.0,0,0.0,0.0,-50.0,0,50.0,-0.0,0,0,0,0,0,0,0,0,0,0,0,0,0
437,2024-06-21 13:15:00,0.18268,-0.0,0,0.0,0.0,-50.0,0,50.0,-0.0,0,0,0,0,0,0,0,0,0,0,0,0,0
438,2024-06-21 13:30:00,0.18268,-0.0,0,0.0,0.0,-50.0,0,50.0,-0.0,0,0,0,0,0,0,0,0,0,0,0,0,0
439,2024-06-21 13:45:00,0.18268,-0.0,0,0.0,0.0,-50.0,0,50.0,-0.0,0,0,0,0,0,0,0,0,0,0,0,0,0
440,2024-06-21 14:00:00,0.17822,-0.0,0,0.0,0.0,-50.0,0,50.0,-0.0,0,0,0,0,0,0,0,0,0,0,0,0,0
441,2024-06-21 14:15:00,0.17822,-0.0,0,0.0,0.0,-50.0,0,50.0,-0.0,0,0,0,0,0,0,0,0,0,0,0,0,0
442,2024-06-21 14:30:00,0.17822,-0.0,0,0.0,0.0,-50.0,0,50.0,-0.0,0,0,0,0,0,0,0,0,0,0,0,0,0
443,2024-06-21 14:45:00,0.17822,-0.0,0,0.0,0.0,-50.0,0,50.0,-0.0,0,0,0,0,0,0,0,0,0,0,0,0,0
444,2024-06-21 15:00:00,0.18203000000000003,-0.0,0,0.0,0.0,-50.0,0,50.0,-0.0,0,0,0,0,0,0,0,0,0,0,0,0,0
445,2024-06-21 15:15:00,0.18203000000000003,-0.0,0,0.0,0.0,-50.0,0,50.0,-0.0,0,0,0,0,0,0,0,0,0,0,0,0,0
446,2024-06-21 15:30:00,0.18203000000000003,-0.0,0,0.0,0.0,-50.0,0,50.0,-0.0,0,0,0,0,0,0,0,0,0,0,0,0,0
447,2024-06-21 15:45:00,0.18203000000000003,-0.0,0,0.0,0.0,-50.0,0,50.0,-0.0,0,0,0,0,0,0,0,0,0,0,0,0,0
448,2024-06-21 16:00:00,0.18885000000000002,-0.0,0,0.0,0.0,-50.0,0,50.0,-0.0,0,0,0,0,0,0,0,0,0,0,0,0,0
449,2024-06-21 16:15:00,0.18885000000000002,-0.0,0,0.0,0.0,-50.0,0,50.0,-0.0,0,0,0,0,0,0,0,0,0,0,0,0,0
450,2024-06-21 16:30:00,0.18885000000000002,-0.0,0,0.0,0.0,-50.0,0,50.0,-0.0,0,0,0,0,0,0,0,0,0,0,0,0,0
451,2024-06-21 16:45:00,0.18885000000000002,-0.0,0,0.0,0.0,-50.0,0,50.0,-0.0,0,0,0,0,0,0,0,0,0,0,0,0,0
452,2024-06-21 17:00:00,0.20065,-0.0,0,0.0,0.0,-50.0,0,50.0,-0.0,0,0,0,0,0,0,0,0,0,0,0,0,0
453,2024-06-21 17:15:00,0.20065,-0.0,0,0.0,0.0,-50.0,0,50.0,-0.0,0,0,0,0,0,0,0,0,0,0,0,0,0
454,2024-06-21 17:30:00,0.20065,-0.0,0,0.0,0.0,-50.0,0,50.0,-0.0,0,0,0,0,0,0,0,0,0,0,0,0,0
455,2024-06-21 17:45:00,0.20065,-0.0,0,0.0,0.0,-50.0,0,50.0,-0.0,0,0,0,0,0,0,0,0,0,0,0,0,0
456,2024-06-21 18:00:00,0.21000000000000002,-0.0,0,0.0,0.0,-50.0,0,50.0,-0.0,0,0,0,0,0,0,0,0,0,0,0,0,0
457,2024-06-21 18:15:00,0.21000000000000002,-0.0,0,0.0,0.0,-50.0,0,50.0,-0.0,0,0,0,0,0,0,0,0,0,0,0,0,0
458,2024-06-21 18:30:00,0.21000000000000002,-0.0,0,0.0,0.0,-50.0,0,50.0,-0.0,0,0,0,0,0,0,0,0,0,0,0,0,0
459,2024-06-21 18:45:00,0.21000000000000002,-0.0,0,0.0,0.0,-50.0,0,50.0,-0.0,0,0,0,0,0,0,0,0,0,0,0,0,0
460,2024-06-21 19:00:00,0.21693,-0.0,0,0.0,0.0,-50.0,0,50.0,-0.0,0,10,0,0,0,0,0,0,0,0,0,0,0
461,2024-06-21 19:15:00,0.21693,-0.0,0,0.0,0.0,-50.0,0,50.0,-0.0,0,10,0,0,0,0,0,0,0,0,0,0,0
462,2024-06-21 19:30:00,0.21693,-0.0,0,0.0,0.0,-50.0,0,50.0,-0.0,0,10,0,0,0,0,0,0,0,0,0,0,0
463,2024-06-21 19:45:00,0.21693,-0.0,0,0.0,0.0,-50.0,0,50.0,-0.0,0,10,0,0,0,0,0,0,0,0,0,0,0
464,2024-06-21 20:00:00,0.2144,-0.0,0,0.0,0.0,-50.0,0,50.0,-0.0,0,10,0,0,0,0,0,0,0,0,0,0,0
465,2024-06-21 20:15:00,0.2144,-0.0,0,0.0,0.0,-50.0,0,50.0,-0.0,0,10,0,0,0,0,0,0,0,0,0,0,0
466,2024-06-21 20:30:00,0.2144,-0.0,0,0.0,0.0,-50.0,0,50.0,-0.0,0,10,0,0,0,0,0,0,0,0,0,0,0
467,2024-06-21 20:45:00,0.2144,-0.0,0,0.0,0.0,-50.0,0,50.0,-0.0,0,10,0,0,0,0,0,0,0,0,0,0,0
468,2024-06-21 21:00:00,0.20526,-11.263,0,0.0,0.0,-50.0,0,50.0,0,11.263,10,2,0,0,0,0,0,0,0,0,4.474,6.789
469,2024-06-21 21:15:00,0.20526,-11.263,0,0.0,0.0,-50.0,0,50.0,0,11.263,10,2,0,0,0,0,0,0,0,0,4.474,6.789
470,2024-06-21 21:30:00,0.20526,-11.263,0,0.0,0.0,-50.0,0,50.0,0,11.263,10,2,0,0,0,0,0,0,0,0,4.474,6.789
471,2024-06-21 21:45:00,0.20526,-11.263,0,0.0,0.0,-50.0,0,50.0,0,11.263,10,2,0,0,0,0,0,0,0,0,4.474,6.789
472,2024-06-21 22:00:00,0.19599,-20.474,0,0.0,0.0,-50.0,0,50.0,0,20.474,10,3,0,0,0,0,0,0,0,6.474,7.0,7.0
473,2024-06-21 22:15:00,0.19599,-20.474,0,0.0,0.0,-50.0,0,50.0,0,20.474,10,3,0,0,0,0,0,0,0,6.474,7.0,7.0
474,2024-06-21 22:30:00,0.19599,-20.474,0,0.0,0.0,-50.0,0,50.0,0,20.474,10,3,0,0,0,0,0,0,0,6.474,7.0,7.0
475,2024-06-21 22:45:00,0.19599,-20.474,0,0.0,0.0,-50.0,0,50.0,0,20.474,10,3,0,0,0,0,0,0,0,6.474,7.0,7.0
476,2024-06-21 23:00:00,0.18214000000000002,-21.0,0,0.0,0.0,-50.0,0,50.0,0,21.0,10,3,0,0,0,0,0,0,0,7.0,7.0,7.0
477,2024-06-21 23:15:00,0.18214000000000002,-21.0,0,0.0,0.0,-50.0,0,50.0,0,21.0,10,3,0,0,0,0,0,0,0,7.0,7.0,7.0
478,2024-06-21 23:30:00,0.18214000000000002,-21.0,0,0.0,0.0,-50.0,0,50.0,0,21.0,10,3,0,0,0,0,0,0,0,7.0,7.0,7.0
479,2024-06-21 23:45:00,0.18214000000000002,-21.0,0,0.0,0.0,-50.0,0,50.0,0,21.0,10,3,0,0,0,0,0,0,0,7.0,7.0,7.0
480,2024-06-22 00:00:00,0.18007,-21.0,0,0.0,0.0,-50.0,0,50.0,0,21.0,10,3,0,0,0,0,0,0,0,7.0,7.0,7.0
481,2024-06-22 00:15:00,0.18007,-21.0,0,0.0,0.0,-50.0,0,50.0,0,21.0,10,3,0,0,0,0,0,0,0,7.0,7.0,7.0
482,2024-06-22 00:30:00,0.18007,-21.0,0,0.0,0.0,-50.0,0,50.0,0,21.0,10,3,0,0,0,0,0,0,0,7.0,7.0,7.0
483,2024-06-22 00:45:00,0.18007,-21.0,0,0.0,0.0,-50.0,0,50.0,0,21.0,10,3,0,0,0,0,0,0,0,7.0,7.0,7.0
484,2024-06-22 01:00:00,0.17025,-21.0,0,0.0,0.0,-50.0,0,50.0,0,21.0,10,3,0,0,0,0,0,0,0,7.0,7.0,7.0
485,2024-06-22 01:15:00,0.17025,-21.0,0,0.0,0.0,-50.0,0,50.0,0,21.0,10,3,0,0,0,0,0,0,0,7.0,7.0,7.0
486,2024-06-22 01:30:00,0.17025,-21.0,0,0.0,0.0,-50.0,0,50.0,0,21.0,10,3,0,0,0,0,0,0,0,7.0,7.0,7.0
487,2024-06-22 01:45:00,0.17025,-21.0,0,0.0,0.0,-50.0,0,50.0,0,21.0,10,3,0,0,0,0,0,0,0,7.0,7.0,7.0
488,2024-06-22 02:00:00,0.16243000000000002,-50.0,0,0.0,0.0,-50.0,0,50.0,0,50.0,10,10,4.474,4.474,4.474,4.474,4.474,4.474,4.474,7.0,7.0,4.684
489,2024-06-22 02:15:00,0.16243000000000002,-50.0,0,0.0,0.0,-50.0,0,50.0,0,50.0,10,10,4.474,4.474,4.474,4.474,4.474,4.474,4.474,7.0,7.0,4.684
490,2024-06-22 02:30:00,0.16243000000000002,-50.0,0,0.0,0.0,-50.0,0,50.0,0,50.0,10,10,4.474,4.474,4.474,4.474,4.474,4.474,4.474,7.0,7.0,4.684
491,2024-06-22 02:45:00,0.16243000000000002,-50.0,0,0.0,0.0,-50.0,0,50.0,0,50.0,10,10,4.474,4.474,4.474,4.474,4.474,4.474,4.474,7.0,7.0,4.684
492,2024-06-22 03:00:00,0.15050000000000002,-50.0,0,0.0,0.0,-50.0,0,50.0,0,50.0,10,8,7.0,7.0,7.0,7.0,7.0,7.0,7.0,1.0,0,0
493,2024-06-22 03:15:00,0.15050000000000002,-50.0,0,0.0,0.0,-50.0,0,50.0,0,50.0,10,8,7.0,7.0,7.0,7.0,7.0,7.0,7.0,1.0,0,0
494,2024-06-22 03:30:00,0.15050000000000002,-50.0,0,0.0,0.0,-50.0,0,50.0,0,50.0,10,8,7.0,7.0,7.0,7.0,7.0,7.0,7.0,1.0,0,0
495,2024-06-22 03:45:00,0.15050000000000002,-50.0,0,0.0,0.0,-50.0,0,50.0,0,50.0,10,8,7.0,7.0,7.0,7.0,7.0,7.0,7.0,1.0,0,0
496,2024-06-22 04:00:00,0.14962,-50.0,0,0.0,0.0,-50.0,0,50.0,0,50.0,10,8,7.0,7.0,7.0,7.0,7.0,7.0,7.0,1.0,0,0
497,2024-06-22 04:15:00,0.14962,-50.0,0,0.0,0.0,-50.0,0,50.0,0,50.0,10,8,7.0,7.0,7.0,7.0,7.0,7.0,7.0,1.0,0,0
498,2024-06-22 04:30:00,0.14962,-50.0,0,0.0,0.0,-50.0,0,50.0,0,50.0,10,8,7.0,7.0,7.0,7.0,7.0,7.0,7.0,1.0,0,0
499,2024-06-22 04:45:00,0.14962,-50.0,0,0.0,0.0,-50.0,0,50.0,0,50.0,10,8,7.0,7.0,7.0,7.0,7.0,7.0,7.0,1.0,0,0
500,2024-06-22 05:00:00,0.14647,-50.0,0,0.0,0.0,-50.0,0,50.0,0,50.0,10,8,7.0,7.0,7.0,7.0,7.0,7.0,7.0,1.0,0,0
501,2024-06-22 05:15:00,0.14647,-50.0,0,0.0,0.0,-50.0,0,50.0,0,50.0,10,8,7.0,7.0,7.0,7.0,7.0,7.0,7.0,1.0,0,0
502,2024-06-22 05:30:00,0.14647,-50.0,0,0.0,0.0,-50.0,0,50.0,0,50.0,10,8,7.0,7.0,7.0,7.0,7.0,7.0,7.0,1.0,0,0
503,2024-06-22 05:45:00,0.14647,-50.0,0,0.0,0.0,-50.0,0,50.0,0,50.0,10,8,7.0,7.0,7.0,7.0,7.0,7.0,7.0,1.0,0,0
504,2024-06-22 06:00:00,0.16056,-50.0,0,0.0,0.0,-50.0,0,50.0,0,50.0,10,8,7.0,7.0,7.0,7.0,7.0,7.0,7.0,1.0,0,0
505,2024-06-22 06:15:00,0.16056,-50.0,0,0.0,0.0,-50.0,0,50.0,0,50.0,10,8,7.0,7.0,7.0,7.0,7.0,7.0,7.0,1.0,0,0
506,2024-06-22 06:30:00,0.16056,-50.0,0,0.0,0.0,-50.0,0,50.0,0,50.0,10,8,7.0,7.0,7.0,7.0,7.0,7.0,7.0,1.0,0,0
507,2024-06-22 06:45:00,0.16056,-50.0,0,0.0,0.0,-50.0,0,50.0,0,50.0,10,8,7.0,7.0,7.0,7.0,7.0,7.0,7.0,1.0,0,0
508,2024-06-22 07:00:00,0.14889000000000002,-50.0,0,0.0,0.0,-50.0,0,50.0,0,50.0,10,8,7.0,7.0,7.0,7.0,7.0,7.0,7.0,1.0,0,0
509,2024-06-22 07:15:00,0.14889000000000002,-50.0,0,0.0,0.0,-50.0,0,50.0,0,50.0,10,8,7.0,7.0,7.0,7.0,7.0,7.0,7.0,1.0,0,0
510,2024-06-22 07:30:00,0.14889000000000002,-50.0,0,0.0,0.0,-50.0,0,50.0,0,50.0,10,8,7.0,7.0,7.0,7.0,7.0,7.0,7.0,1.0,0,0
511,2024-06-22 07:45:00,0.14889000000000002,-50.0,0,0.0,0.0,-50.0,0,50.0,0,50.0,10,8,7.0,7.0,7.0,7.0,7.0,7.0,7.0,1.0,0,0
512,2024-06-22 08:00:00,0.14492,-0.0,0,0.0,0.0,-50.0,0,50.0,-0.0,0,0,0,0,0,0,0,0,0,0,0,0,0
513,2024-06-22 08:15:00,0.14492,-0.0,0,0.0,0.0,-50.0,0,50.0,-0.0,0,0,0,0,0,0,0,0,0,0,0,0,0
514,2024-06-22 08:30:00,0.14492,-0.0,0,0.0,0.0,-50.0,0,50.0,-0.0,0,0,0,0,0,0,0,0,0,0,0,0,0
515,2024-06-22 08:45:00,0.14492,-0.0,0,0.0,0.0,-50.0,0,50.0,-0.0,0,0,0,0,0,0,0,0,0,0,0,0,0
516,2024-06-22 09:00:00,0.13465,-0.0,0,0.0,0.0,-50.0,0,50.0,-0.0,0,0,0,0,0,0,0,0,0,0,0,0,0
517,2024-06-22 09:15:00,0.13465,-0.0,0,0.0,0.0,-50.0,0,50.0,-0.0,0,0,0,0,0,0,0,0,0,0,0,0,0
518,2024-06-22 09:30:00,0.13465,-0.0,0,0.0,0.0,-50.0,0,50.0,-0.0,0,0,0,0,0,0,0,0,0,0,0,0,0
519,2024-06-22 09:45:00,0.13465,-0.0,0,0.0,0.0,-50.0,0,50.0,-0.0,0,0,0,0,0,0,0,0,0,0,0,0,0
520,2024-06-22 10:00:00,0.11254,-0.0,0,0.0,0.0,-50.0,0,50.0,-0.0,0,0,0,0,0,0,0,0,0,0,0,0,0
521,2024-06-22 10:15:00,0.11254,-0.0,0,0.0,0.0,-50.0,0,50.0,-0.0,0,0,0,0,0,0,0,0,0,0,0,0,0
522,2024-06-22 10:30:00,0.11254,-0.0,0,0.0,0.0,-50.0,0,50.0,-0.0,0,0,0,0,0,0,0,0,0,0,0,0,0
523,2024-06-22 10:45:00,0.11254,-0.0,0,0.0,0.0,-50.0,0,50.0,-0.0,0,0,0,0,0,0,0,0,0,0,0,0,0
524,2024-06-22 11:00:00,0.10359,-0.0,0,0.0,0.0,-50.0,0,50.0,-0.0,0,0,0,0,0,0,0,0,0,0,0,0,0
525,2024-06-22 11:15:00,0.10359,-0.0,0,0.0,0.0,-50.0,0,50.0,-0.0,0,0,0,0,0,0,0,0,0,0,0,0,0
526,2024-06-22 11:30:00,0.10359,-0.0,0,0.0,0.0,-50.0,0,50.0,-0.0,0,0,0,0,0,0,0,0,0,0,0,0,0
527,2024-06-22 11:45:00,0.10359,-0.0,0,0.0,0.0,-50.0,0,50.0,-0.0,0,0,0,0,0,0,0,0,0,0,0,0,0
528,2024-06-22 12:00:00,0.10262,-0.0,0,0.0,0.0,-50.0,0,50.0,-0.0,0,0,0,0,0,0,0,0,0,0,0,0,0
529,2024-06-22 12:15:00,0.10262,-0.0,0,0.0,0.0,-50.0,0,50.0,-0.0,0,0,0,0,0,0,0,0,0,0,0,0,0
530,2024-06-22 12:30:00,0.10262,-0.0,0,0.0,0.0,-50.0,0,50.0,-0.0,0,0,0,0,0,0,0,0,0,0,0,0,0
531,2024-06-22 12:45:00,0.10262,-0.0,0,0.0,0.0,-50.0,0,50.0,-0.0,0,0,0,0,0,0,0,0,0,0,0,0,0
532,2024-06-22 13:00:00,0.10003000000000001,-0.0,0,0.0,0.0,-50.0,0,50.0,-0.0,0,0,0,0,0,0,0,0,0,0,0,0,0
533,2024-06-22 13:15:00,0.10003000000000001,-0.0,0,0.0,0.0,-50.0,0,50.0,-0.0,0,0,0,0,0,0,0,0,0,0,0,0,0
534,2024-06-22 13:30:00,0.10003000000000001,-0.0,0,0.0,0.0,-50.0,0,50.0,-0.0,0,0,0,0,0,0,0,0,0,0,0,0,0
535,2024-06-22 13:45:00,0.10003000000000001,-0.0,0,0.0,0.0,-50.0,0,50.0,-0.0,0,0,0,0,0,0,0,0,0,0,0,0,0
536,2024-06-22 14:00:00,0.09999000000000001,-0.0,0,0.0,0.0,-50.0,0,50.0,-0.0,0,0,0,0,0,0,0,0,0,0,0,0,0
537,2024-06-22 14:15:00,0.09999000000000001,-0.0,0,0.0,0.0,-50.0,0,50.0,-0.0,0,0,0,0,0,0,0,0,0,0,0,0,0
538,2024-06-22 14:30:00,0.09999000000000001,-0.0,0,0.0,0.0,-50.0,0,50.0,-0.0,0,0,0,0,0,0,0,0,0,0,0,0,0
539,2024-06-22 14:45:00,0.09999000000000001,-0.0,0,0.0,0.0,-50.0,0,50.0,-0.0,0,0,0,0,0,0,0,0,0,0,0,0,0
540,2024-06-22 15:00:00,0.09993,-0.0,0,0.0,0.0,-50.0,0,50.0,-0.0,0,0,0,0,0,0,0,0,0,0,0,0,0
541,2024-06-22 15:15:00,0.09993,-0.0,0,0.0,0.0,-50.0,0,50.0,-0.0,0,0,0,0,0,0,0,0,0,0,0,0,0
542,2024-06-22 15:30:00,0.09993,-0.0,0,0.0,0.0,-50.0,0,50.0,-0.0,0,0,0,0,0,0,0,0,0,0,0,0,0
543,2024-06-22 15:45:00,0.09993,-0.0,0,0.0,0.0,-50.0,0,50.0,-0.0,0,0,0,0,0,0,0,0,0,0,0,0,0
544,2024-06-22 16:00:00,0.10423,-0.0,0,0.0,0.0,-50.0,0,50.0,-0.0,0,0,0,0,0,0,0,0,0,0,0,0,0
545,2024-06-22 16:15:00,0.10423,-0.0,0,0.0,0.0,-50.0,0,50.0,-0.0,0,0,0,0,0,0,0,0,0,0,0,0,0
546,2024-06-22 16:30:00,0.10423,-0.0,0,0.0,0.0,-50.0,0,50.0,-0.0,0,0,0,0,0,0,0,0,0,0,0,0,0
547,2024-06-22 16:45:00,0.10423,-0.0,0,0.0,0.0,-50.0,0,50.0,-0.0,0,0,0,0,0,0,0,0,0,0,0,0,0
548,2024-06-22 17:00:00,0.14259,-0.0,0,0.0,0.0,-50.0,0,50.0,-0.0,0,0,0,0,0,0,0,0,0,0,0,0,0
549,2024-06-22 17:15:00,0.14259,-0.0,0,0.0,0.0,-50.0,0,50.0,-0.0,0,0,0,0,0,0,0,0,0,0,0,0,0
550,2024-06-22 17:30:00,0.14259,-0.0,0,0.0,0.0,-50.0,0,50.0,-0.0,0,0,0,0,0,0,0,0,0,0,0,0,0
551,2024-06-22 17:45:00,0.14259,-0.0,0,0.0,0.0,-50.0,0,50.0,-0.0,0,0,0,0,0,0,0,0,0,0,0,0,0
552,2024-06-22 18:00:00,0.18048999999999998,-0.0,0,0.0,0.0,-50.0,0,50.0,-0.0,0,0,0,0,0,0,0,0,0,0,0,0,0
553,2024-06-22 18:15:00,0.18048999999999998,-0.0,0,0.0,0.0,-50.0,0,50.0,-0.0,0,0,0,0,0,0,0,0,0,0,0,0,0
554,2024-06-22 18:30:00,0.18048999999999998,-0.0,0,0.0,0.0,-50.0,0,50.0,-0.0,0,0,0,0,0,0,0,0,0,0,0,0,0
555,2024-06-22 18:45:00,0.18048999999999998,-0.0,0,0.0,0.0,-50.0,0,50.0,-0.0,0,0,0,0,0,0,0,0,0,0,0,0,0
556,2024-06-22 19:00:00,0.21216000000000002,-0.0,0,0.0,0.0,-50.0,0,50.0,-0.0,0,10,0,0,0,0,0,0,0,0,0,0,0
557,2024-06-22 19:15:00,0.21216000000000002,-0.0,0,0.0,0.0,-50.0,0,50.0,-0.0,0,10,0,0,0,0,0,0,0,0,0,0,0
558,2024-06-22 19:30:00,0.21216000000000002,-0.0,0,0.0,0.0,-50.0,0,50.0,-0.0,0,10,0,0,0,0,0,0,0,0,0,0,0
559,2024-06-22 19:45:00,0.21216000000000002,-0.0,0,0.0,0.0,-50.0,0,50.0,-0.0,0,10,0,0,0,0,0,0,0,0,0,0,0
560,2024-06-22 20:00:00,0.22281,-0.0,0,0.0,0.0,-50.0,0,50.0,-0.0,0,10,0,0,0,0,0,0,0,0,0,0,0
561,2024-06-22 20:15:00,0.22281,-0.0,0,0.0,0.0,-50.0,0,50.0,-0.0,0,10,0,0,0,0,0,0,0,0,0,0,0
562,2024-06-22 20:30:00,0.22281,-0.0,0,0.0,0.0,-50.0,0,50.0,-0.0,0,10,0,0,0,0,0,0,0,0,0,0,0
563,2024-06-22 20:45:00,0.22281,-0.0,0,0.0,0.0,-50.0,0,50.0,-0.0,0,10,0,0,0,0,0,0,0,0,0,0,0
564,2024-06-22 21:00:00,0.22405,-0.0,0,0.0,0.0,-50.0,0,50.0,-0.0,0,10,0,0,0,0,0,0,0,0,0,0,0
565,2024-06-22 21:15:00,0.22405,-0.0,0,0.0,0.0,-50.0,0,50.0,-0.0,0,10,0,0,0,0,0,0,0,0,0,0,0
566,2024-06-22 21:30:00,0.22405,-0.0,0,0.0,0.0,-50.0,0,50.0,-0.0,0,10,0,0,0,0,0,0,0,0,0,0,0
567,2024-06-22 21:45:00,0.22405,-0.0,0,0.0,0.0,-50.0,0,50.0,-0.0,0,10,0,0,0,0,0,0,0,0,0,0,0
568,2024-06-22 22:00:00,0.21017000000000002,-0.0,0,0.0,0.0,-50.0,0,50.0,-0.0,0,10,0,0,0,0,0,0,0,0,0,0,0
569,2024-06-22 22:15:00,0.21017000000000002,-0.0,0,0.0,0.0,-50.0,0,50.0,-0.0,0,10,0,0,0,0,0,0,0,0,0,0,0
570,2024-06-22 22:30:00,0.21017000000000002,-0.0,0,0.0,0.0,-50.0,0,50.0,-0.0,0,10,0,0,0,0,0,0,0,0,0,0,0
571,2024-06-22 22:45:00,0.21017000000000002,-0.0,0,0.0,0.0,-50.0,0,50.0,-0.0,0,10,0,0,0,0,0,0,0,0,0,0,0
572,2024-06-22 23:00:00,0.18977,-0.0,0,0.0,0.0,-50.0,0,50.0,-0.0,0,10,0,0,0,0,0,0,0,0,0,0,0
573,2024-06-22 23:15:00,0.18977,-0.0,0,0.0,0.0,-50.0,0,50.0,-0.0,0,10,0,0,0,0,0,0,0,0,0,0,0
574,2024-06-22 23:30:00,0.18977,-0.0,0,0.0,0.0,-50.0,0,50.0,-0.0,0,10,0,0,0,0,0,0,0,0,0,0,0
575,2024-06-22 23:45:00,0.18977,-0.0,0,0.0,0.0,-50.0,0,50.0,-0.0,0,10,0,0,0,0,0,0,0,0,0,0,0
576,2024-06-23 00:00:00,0.19049,-0.0,0,0.0,0.0,-50.0,0,50.0,-0.0,0,10,0,0,0,0,0,0,0,0,0,0,0
577,2024-06-23 00:15:00,0.19049,-0.0,0,0.0,0.0,-50.0,0,50.0,-0.0,0,10,0,0,0,0,0,0,0,0,0,0,0
578,2024-06-23 00:30:00,0.19049,-0.0,0,0.0,0.0,-50.0,0,50.0,-0.0,0,10,0,0,0,0,0,0,0,0,0,0,0
579,2024-06-23 00:45:00,0.19049,-0.0,0,0.0,0.0,-50.0,0,50.0,-0.0,0,10,0,0,0,0,0,0,0,0,0,0,0
580,2024-06-23 01:00:00,0.17925000000000002,-0.0,0,0.0,0.0,-50.0,0,50.0,-0.0,0,10,0,0,0,0,0,0,0,0,0,0,0
581,2024-06-23 01:15:00,0.17925000000000002,-0.0,0,0.0,0.0,-50.0,0,50.0,-0.0,0,10,0,0,0,0,0,0,0,0,0,0,0
582,2024-06-23 01:30:00,0.17925000000000002,-0.0,0,0.0,0.0,-50.0,0,50.0,-0.0,0,10,0,0,0,0,0,0,0,0,0,0,0
583,2024-06-23 01:45:00,0.17925000000000002,-0.0,0,0.0,0.0,-50.0,0,50.0,-0.0,0,10,0,0,0,0,0,0,0,0,0,0,0
584,2024-06-23 02:00:00,0.17124,-0.0,0,0.0,0.0,-50.0,0,50.0,-0.0,0,10,0,0,0,0,0,0,0,0,0,0,0
585,2024-06-23 02:15:00,0.17124,-0.0,0,0.0,0.0,-50.0,0,50.0,-0.0,0,10,0,0,0,0,0,0,0,0,0,0,0
586,2024-06-23 02:30:00,0.17124,-0.0,0,0.0,0.0,-50.0,0,50.0,-0.0,0,10,0,0,0,0,0,0,0,0,0,0,0
587,2024-06-23 02:45:00,0.17124,-0.0,0,0.0,0.0,-50.0,0,50.0,-0.0,0,10,0,0,0,0,0,0,0,0,0,0,0
588,2024-06-23 03:00:00,0.17067,-0.0,0,0.0,0.0,-50.0,0,50.0,-0.0,0,10,0,0,0,0,0,0,0,0,0,0,0
589,2024-06-23 03:15:00,0.17067,-0.0,0,0.0,0.0,-50.0,0,50.0,-0.0,0,10,0,0,0,0,0,0,0,0,0,0,0
590,2024-06-23 03:30:00,0.17067,-0.0,0,0.0,0.0,-50.0,0,50.0,-0.0,0,10,0,0,0,0,0,0,0,0,0,0,0
591,2024-06-23 03:45:00,0.17067,-0.0,0,0.0,0.0,-50.0,0,50.0,-0.0,0,10,0,0,0,0,0,0,0,0,0,0,0
592,2024-06-23 04:00:00,0.16694,-0.0,0,0.0,0.0,-50.0,0,50.0,-0.0,0,10,0,0,0,0,0,0,0,0,0,0,0
593,2024-06-23 04:15:00,0.16694,-0.0,0,0.0,0.0,-50.0,0,50.0,-0.0,0,10,0,0,0,0,0,0,0,0,0,0,0
594,2024-06-23 04:30:00,0.16694,-0.0,0,0.0,0.0,-50.0,0,50.0,-0.0,0,10,0,0,0,0,0,0,0,0,0,0,0
595,2024-06-23 04:45:00,0.16694,-0.0,0,0.0,0.0,-50.0,0,50.0,-0.0,0,10,0,0,0,0,0,0,0,0,0,0,0
596,2024-06-23 05:00:00,0.16209,-0.0,0,0.0,0.0,-50.0,0,50.0,-0.0,0,10,0,0,0,0,0,0,0,0,0,0,0
597,2024-06-23 05:15:00,0.16209,-0.0,0,0.0,0.0,-50.0,0,50.0,-0.0,0,10,0,0,0,0,0,0,0,0,0,0,0
598,2024-06-23 05:30:00,0.16209,-0.0,0,0.0,0.0,-50.0,0,50.0,-0.0,0,10,0,0,0,0,0,0,0,0,0,0,0
599,2024-06-23 05:45:00,0.16209,-0.0,0,0.0,0.0,-50.0,0,50.0,-0.0,0,10,0,0,0,0,0,0,0,0,0,0,0
600,2024-06-23 06:00:00,0.1579,-0.0,0,0.0,0.0,-50.0,0,50.0,-0.0,0,10,0,0,0,0,0,0,0,0,0,0,0
601,2024-06-23 06:15:00,0.1579,-0.0,0,0.0,0.0,-50.0,0,50.0,-0.0,0,10,0,0,0,0,0,0,0,0,0,0,0
602,2024-06-23 06:30:00,0.1579,-0.0,0,0.0,0.0,-50.0,0,50.0,-0.0,0,10,0,0,0,0,0,0,0,0,0,0,0
603,2024-06-23 06:45:00,0.1579,-0.0,0,0.0,0.0,-50.0,0,50.0,-0.0,0,10,0,0,0,0,0,0,0,0,0,0,0
604,2024-06-23 07:00:00,0.14635,-11.263,0,0.0,0.0,-50.0,0,50.0,0,11.263,10,2,0,0,0,0,0,0,0,0,4.474,6.789
605,2024-06-23 07:15:00,0.14635,-11.263,0,0.0,0.0,-50.0,0,50.0,0,11.263,10,2,0,0,0,0,0,0,0,0,4.474,6.789
606,2024-06-23 07:30:00,0.14635,-11.263,0,0.0,0.0,-50.0,0,50.0,0,11.263,10,2,0,0,0,0,0,0,0,0,4.474,6.789
607,2024-06-23 07:45:00,0.14635,-11.263,0,0.0,0.0,-50.0,0,50.0,0,11.263,10,2,0,0,0,0,0,0,0,0,4.474,6.789
608,2024-06-23 08:00:00,0.11977,-21.0,0,0.0,0.0,-50.0,0,50.0,0,21.0,10,3,0,0,0,0,0,0,0,7.0,7.0,7.0
609,2024-06-23 08:15:00,0.11977,-21.0,0,0.0,0.0,-50.0,0,50.0,0,21.0,10,3,0,0,0,0,0,0,0,7.0,7.0,7.0
610,2024-06-23 08:30:00,0.11977,-21.0,0,0.0,0.0,-50.0,0,50.0,0,21.0,10,3,0,0,0,0,0,0,0,7.0,7.0,7.0
611,2024-06-23 08:45:00,0.11977,-21.0,0,0.0,0.0,-50.0,0,50.0,0,21.0,10,3,0,0,0,0,0,0,0,7.0,7.0,7.0
612,2024-06-23 09:00:00,0.10424,-21.0,0,0.0,0.0,-50.0,0,50.0,0,21.0,10,3,0,0,0,0,0,0,0,7.0,7.0,7.0
613,2024-06-23 09:15:00,0.10424,-21.0,0,0.0,0.0,-50.0,0,50.0,0,21.0,10,3,0,0,0,0,0,0,0,7.0,7.0,7.0
614,2024-06-23 09:30:00,0.10424,-21.0,0,0.0,0.0,-50.0,0,50.0,0,21.0,10,3,0,0,0,0,0,0,0,7.0,7.0,7.0
615,2024-06-23 09:45:00,0.10424,-21.0,0,0.0,0.0,-50.0,0,50.0,0,21.0,10,3,0,0,0,0,0,0,0,7.0,7.0,7.0
616,2024-06-23 10:00:00,0.1,-21.0,0,0.0,0.0,-50.0,0,50.0,0,21.0,10,3,0,0,0,0,0,0,0,7.0,7.0,7.0
617,2024-06-23 10:15:00,0.1,-21.0,0,0.0,0.0,-50.0,0,50.0,0,21.0,10,3,0,0,0,0,0,0,0,7.0,7.0,7.0
618,2024-06-23 10:30:00,0.1,-21.0,0,0.0,0.0,-50.0,0,50.0,0,21.0,10,3,0,0,0,0,0,0,0,7.0,7.0,7.0
619,2024-06-23 10:45:00,0.1,-21.0,0,0.0,0.0,-50.0,0,50.0,0,21.0,10,3,0,0,0,0,0,0,0,7.0,7.0,7.0
620,2024-06-23 11:00:00,0.09995000000000001,-50.0,0,0.0,0.0,-50.0,0,50.0,0,50.0,10,10,4.474,4.474,4.474,4.474,4.474,4.474,4.474,7.0,7.0,4.684
621,2024-06-23 11:15:00,0.09995000000000001,-50.0,0,0.0,0.0,-50.0,0,50.0,0,50.0,10,10,4.474,4.474,4.474,4.474,4.474,4.474,4.474,7.0,7.0,4.684
622,2024-06-23 11:30:00,0.09995000000000001,-50.0,0,0.0,0.0,-50.0,0,50.0,0,50.0,10,10,4.474,4.474,4.474,4.474,4.474,4.474,4.474,7.0,7.0,4.684
623,2024-06-23 11:45:00,0.09995000000000001,-50.0,0,0.0,0.0,-50.0,0,50.0,0,50.0,10,10,4.474,4.474,4.474,4.474,4.474,4.474,4.474,7.0,7.0,4.684
624,2024-06-23 12:00:00,0.0999,-50.0,0,0.0,0.0,-50.0,0,50.0,0,50.0,10,8,7.0,7.0,7.0,7.0,7.0,7.0,7.0,1.0,0,0
625,2024-06-23 12:15:00,0.0999,-50.0,0,0.0,0.0,-50.0,0,50.0,0,50.0,10,8,7.0,7.0,7.0,7.0,7.0,7.0,7.0,1.0,0,0
626,2024-06-23 12:30:00,0.0999,-50.0,0,0.0,0.0,-50.0,0,50.0,0,50.0,10,8,7.0,7.0,7.0,7.0,7.0,7.0,7.0,1.0,0,0
627,2024-06-23 12:45:00,0.0999,-50.0,0,0.0,0.0,-50.0,0,50.0,0,50.0,10,8,7.0,7.0,7.0,7.0,7.0,7.0,7.0,1.0,0,0
628,2024-06-23 13:00:00,0.09895000000000001,-50.0,0,0.0,0.0,-50.0,0,50.0,0,50.0,10,8,7.0,7.0,7.0,7.0,7.0,7.0,7.0,1.0,0,0
629,2024-06-23 13:15:00,0.09895000000000001,-50.0,0,0.0,0.0,-50.0,0,50.0,0,50.0,10,8,7.0,7.0,7.0,7.0,7.0,7.0,7.0,1.0,0,0
630,2024-06-23 13:30:00,0.09895000000000001,-50.0,0,0.0,0.0,-50.0,0,50.0,0,50.0,10,8,7.0,7.0,7.0,7.0,7.0,7.0,7.0,1.0,0,0
631,2024-06-23 13:45:00,0.09895000000000001,-50.0,0,0.0,0.0,-50.0,0,50.0,0,50.0,10,8,7.0,7.0,7.0,7.0,7.0,7.0,7.0,1.0,0,0
632,2024-06-23 14:00:00,0.09779,-50.0,0,0.0,0.0,-50.0,0,50.0,0,50.0,10,8,7.0,7.0,7.0,7.0,7.0,7.0,7.0,1.0,0,0
633,2024-06-23 14:15:00,0.09779,-50.0,0,0.0,0.0,-50.0,0,50.0,0,50.0,10,8,7.0,7.0,7.0,7.0,7.0,7.0,7.0,1.0,0,0
634,2024-06-23 14:30:00,0.09779,-50.0,0,0.0,0.0,-50.0,0,50.0,0,50.0,10,8,7.0,7.0,7.0,7.0,7.0,7.0,7.0,1.0,0,0
635,2024-06-23 14:45:00,0.09779,-50.0,0,0.0,0.0,-50.0,0,50.0,0,50.0,10,8,7.0,7.0,7.0,7.0,7.0,7.0,7.0,1.0,0,0
636,2024-06-23 15:00:00,0.09795000000000001,-50.0,0,0.0,0.0,-50.0,0,50.0,0,50.0,10,8,7.0,7.0,7.0,7.0,7.0,7.0,7.0,1.0,0,0
637,2024-06-23 15:15:00,0.09795000000000001,-50.0,0,0.0,0.0,-50.0,0,50.0,0,50.0,10,8,7.0,7.0,7.0,7.0,7.0,7.0,7.0,1.0,0,0
638,2024-06-23 15:30:00,0.09795000000000001,-50.0,0,0.0,0.0,-50.0,0,50.0,0,50.0,10,8,7.0,7.0,7.0,7.0,7.0,7.0,7.0,1.0,0,0
639,2024-06-23 15:45:00,0.09795000000000001,-50.0,0,0.0,0.0,-50.0,0,50.0,0,50.0,10,8,7.0,7.0,7.0,7.0,7.0,7.0,7.0,1.0,0,0
640,2024-06-23 16:00:00,0.09973,-50.0,0,0.0,0.0,-50.0,0,50.0,0,50.0,10,8,7.0,7.0,7.0,7.0,7.0,7.0,7.0,1.0,0,0
641,2024-06-23 16:15:00,0.09973,-50.0,0,0.0,0.0,-50.0,0,50.0,0,50.0,10,8,7.0,7.0,7.0,7.0,7.0,7.0,7.0,1.0,0,0
642,2024-06-23 16:30:00,0.09973,-50.0,0,0.0,0.0,-50.0,0,50.0,0,50.0,10,8,7.0,7.0,7.0,7.0,7.0,7.0,7.0,1.0,0,0
643,2024-06-23 16:45:00,0.09973,-50.0,0,0.0,0.0,-50.0,0,50.0,0,50.0,10,8,7.0,7.0,7.0,7.0,7.0,7.0,7.0,1.0,0,0
644,2024-06-23 17:00:00,0.12261,-20.474,0,0.0,0.0,-50.0,0,50.0,0,20.474,10,3,0,0,0,0,0,0,0,6.474,7.0,7.0
645,2024-06-23 17:15:00,0.12261,-20.474,0,0.0,0.0,-50.0,0,50.0,0,20.474,10,3,0,0,0,0,0,0,0,6.474,7.0,7.0
646,2024-06-23 17:30:00,0.12261,-20.474,0,0.0,0.0,-50.0,0,50.0,0,20.474,10,3,0,0,0,0,0,0,0,6.474,7.0,7.0
647,2024-06-23 17:45:00,0.12261,-20.474,0,0.0,0.0,-50.0,0,50.0,0,20.474,10,3,0,0,0,0,0,0,0,6.474,7.0,7.0
648,2024-06-23 18:00:00,0.17112,-0.0,0,0.0,0.0,-50.0,0,50.0,-0.0,0,10,0,0,0,0,0,0,0,0,0,0,0
649,2024-06-23 18:15:00,0.17112,-0.0,0,0.0,0.0,-50.0,0,50.0,-0.0,0,10,0,0,0,0,0,0,0,0,0,0,0
650,2024-06-23 18:30:00,0.17112,-0.0,0,0.0,0.0,-50.0,0,50.0,-0.0,0,10,0,0,0,0,0,0,0,0,0,0,0
651,2024-06-23 18:45:00,0.17112,-0.0,0,0.0,0.0,-50.0,0,50.0,-0.0,0,10,0,0,0,0,0,0,0,0,0,0,0
652,2024-06-23 19:00:00,0.1995,-0.0,0,0.0,0.0,-50.0,0,50.0,-0.0,0,10,0,0,0,0,0,0,0,0,0,0,0
653,2024-06-23 19:15:00,0.1995,-0.0,0,0.0,0.0,-50.0,0,50.0,-0.0,0,10,0,0,0,0,0,0,0,0,0,0,0
654,2024-06-23 19:30:00,0.1995,-0.0,0,0.0,0.0,-50.0,0,50.0,-0.0,0,10,0,0,0,0,0,0,0,0,0,0,0
655,2024-06-23 19:45:00,0.1995,-0.0,0,0.0,0.0,-50.0,0,50.0,-0.0,0,10,0,0,0,0,0,0,0,0,0,0,0
656,2024-06-23 20:00:00,0.21514,-0.0,0,0.0,0.0,-50.0,0,50.0,-0.0,0,10,0,0,0,0,0,0,0,0,0,0,0
657,2024-06-23 20:15:00,0.21514,-0.0,0,0.0,0.0,-50.0,0,50.0,-0.0,0,10,0,0,0,0,0,0,0,0,0,0,0
658,2024-06-23 20:30:00,0.21514,-0.0,0,0.0,0.0,-50.0,0,50.0,-0.0,0,10,0,0,0,0,0,0,0,0,0,0,0
659,2024-06-23 20:45:00,0.21514,-0.0,0,0.0,0.0,-50.0,0,50.0,-0.0,0,10,0,0,0,0,0,0,0,0,0,0,0
660,2024-06-23 21:00:00,0.21544000000000002,-0.0,0,0.0,0.0,-50.0,0,50.0,-0.0,0,10,0,0,0,0,0,0,0,0,0,0,0
661,2024-06-23 21:15:00,0.21544000000000002,-0.0,0,0.0,0.0,-50.0,0,50.0,-0.0,0,10,0,0,0,0,0,0,0,0,0,0,0
662,2024-06-23 21:30:00,0.21544000000000002,-0.0,0,0.0,0.0,-50.0,0,50.0,-0.0,0,10,0,0,0,0,0,0,0,0,0,0,0
663,2024-06-23 21:45:00,0.21544000000000002,-0.0,0,0.0,0.0,-50.0,0,50.0,-0.0,0,10,0,0,0,0,0,0,0,0,0,0,0
664,2024-06-23 22:00:00,0.21433000000000002,-0.0,0,0.0,0.0,-50.0,0,50.0,-0.0,0,10,0,0,0,0,0,0,0,0,0,0,0
665,2024-06-23 22:15:00,0.21433000000000002,-0.0,0,0.0,0.0,-50.0,0,50.0,-0.0,0,10,0,0,0,0,0,0,0,0,0,0,0
666,2024-06-23 22:30:00,0.21433000000000002,-0.0,0,0.0,0.0,-50.0,0,50.0,-0.0,0,10,0,0,0,0,0,0,0,0,0,0,0
667,2024-06-23 22:45:00,0.21433000000000002,-0.0,0,0.0,0.0,-50.0,0,50.0,-0.0,0,10,0,0,0,0,0,0,0,0,0,0,0
668,2024-06-23 23:00:00,0.19979000000000002,-0.0,0,0.0,0.0,-50.0,0,50.0,-0.0,0,10,0,0,0,0,0,0,0,0,0,0,0
669,2024-06-23 23:15:00,0.19979000000000002,-0.0,0,0.0,0.0,-50.0,0,50.0,-0.0,0,10,0,0,0,0,0,0,0,0,0,0,0
670,2024-06-23 23:30:00,0.19979000000000002,-0.0,0,0.0,0.0,-50.0,0,50.0,-0.0,0,10,0,0,0,0,0,0,0,0,0,0,0
671,2024-06-23 23:45:00,0.19979000000000002,-0.0,0,0.0,0.0,-50.0,0,50.0,-0.0,0,10,0,0,0,0,0,0,0,0,0,0,0